post_id,post_title,subreddit,timestamp,platform,user_id,text,word_count,depth,label,clean_tweet,zsl_label,zsl_confidence
1t06wzt,U.S. Debt Tops 100% of GDP,politics,2026-04-30T20:04:04,reddit,lateformyfuneral,"The Clinton administration ended 1999 with a $0 deficit and 2000 with a surplus. Under their last budget, the US was on track to be **debt-free** by 2012.

Then the incoming admin decided it’s time to tor tax cuts and massive increase in defense spending. Of course, there was an economic crisis in ‘07 but that’s when you’re supposed to run a deficit, and save in boom years. Related — [Bush: 'Our Long National Nightmare Of Peace And Prosperity Is Finally Over'](https://theonion.com/bush-our-long-national-nightmare-of-peace-and-prosperi-1819565882/)",82,0,,clinton administration end 0 deficit surplus last budget u track debtfree incoming admin decide time tor tax cut massive increase defense spending course economic crisis 07 thats youre suppose run deficit save boom year relate bush long national nightmare peace prosperity finally,0,0.9963
1t06wzt,U.S. Debt Tops 100% of GDP,politics,2026-04-30T20:56:44,reddit,LividTacos,"[After Obama Victory, Shrieking White-Hot Sphere of Pure Rage Early GOP Front-Runner for 2016](https://theonion.com/after-obama-victory-shrieking-white-hot-sphere-of-pure-1819595330/)

I've always felt like they called Trump too, though obviously not by name.  But someone who would completely tap into Republican grievances.",36,2,,obama victory shriek whitehot sphere pure rage early gop frontrunner always felt like call trump though obviously not name someone would completely tap republican grievance,0,0.9695
1t06wzt,U.S. Debt Tops 100% of GDP,politics,2026-04-30T21:14:43,reddit,kingtacticool,"The Onion had a much easier time of writing headlines back then. 

Now reality makes the humor depressing.",18,3,,onion much easy time write headline back reality make humor depressing,0,0.9876
1t06wzt,U.S. Debt Tops 100% of GDP,politics,2026-04-30T21:30:29,reddit,LeGama,"They should start writing articles like, ""Trump had normal time with dignitaries and recited poetry about peace at the dinner""",20,4,,start write article like trump normal time dignitary recite poetry peace dinner,0,0.9983
1t06wzt,U.S. Debt Tops 100% of GDP,politics,2026-04-30T21:49:03,reddit,LadyMcIver,"""Trump releases the full, unredadacted Epstein files, admits they should be called 'The Trump Files featuring Jeffrey Epstein'.""",18,5,,trump release full unredadacted epstein file admits call trump file feature jeffrey epstein,0,0.997
1t06wzt,U.S. Debt Tops 100% of GDP,politics,2026-04-30T23:38:29,reddit,GodsSwampBalls,"https://m.youtube.com/watch?v=ZaZPiwxPqO4

""Fractures Emerge Between GOP’s Pro-Pedophilia, Extremely Pro-Pedophilia Wings""


I think this headline is a banger.",16,4,,fracture emerge gop propedophilia extremely propedophilia wing think headline banger,1,0.9663
1t06wzt,U.S. Debt Tops 100% of GDP,politics,2026-04-30T22:15:24,reddit,Heliosvector,"Come read the Beaverton. It's Canadians version of the onion, but their articles are satire supreme",16,4,,come read beaverton canadians version onion article satire supreme,0,0.9977
1t06wzt,U.S. Debt Tops 100% of GDP,politics,2026-05-01T00:15:18,reddit,Kroe,"""Trump white house mistakes The Onion for right-wing think tank, uses their articles for policy planning""",16,4,,trump white house mistake onion rightwing think tank use article policy planning,0,0.996
1t06wzt,U.S. Debt Tops 100% of GDP,politics,2026-05-01T01:55:14,reddit,AnOnlineHandle,"The sad thing is it's too real, and yet more absurd than anything they'd put out 10-20 years ago.",19,4,,sad thing real yet absurd anything would put 1020 year ago,0,0.9373
1t06wzt,U.S. Debt Tops 100% of GDP,politics,2026-04-30T23:01:23,reddit,wanderingmanimal,"Yeah the Civil Rights Act and Voting Rights Act really pissed them off - that’s the only grievances I can see the GOP having because of, well, racism.",28,3,,yeah civil right act voting right act really piss thats grievance see gop well racism,0,0.8826
1t06wzt,U.S. Debt Tops 100% of GDP,politics,2026-04-30T23:28:55,reddit,Cheshire_Jester,"As I recall, this was a very telegraphed eventuality. The GOPs base was absolutely pissed about there being a black president. To the point that they’re still pointing to Obamas presidency as “the moment this country went in the dumpster.”",40,3,,recall telegraphed eventuality gops base absolutely piss black president point theyre still point obamas presidency moment country go dumpster,1,0.9994
1t06wzt,U.S. Debt Tops 100% of GDP,politics,2026-04-30T23:04:19,reddit,greenroom628,"&gt;Shrieking White-Hot Sphere of Pure Rage

I think that's the nicest thing Donald Turmp's ever been called.",17,3,,gtshrieking whitehot sphere pure rage think nice thing donald turmps ever call,0,0.9778
1t06wzt,U.S. Debt Tops 100% of GDP,politics,2026-05-01T02:44:03,reddit,Unlimited_Bacon,"The chyron at the end of the video was prophetic: 

&gt;Hillary Clinton announces she ""has not ruled out"" 2016 run. Orb instantly quadruples in size.",25,3,,chyron end video prophetic gthillary clinton announces not rule run orb instantly quadruple size,0,0.9928
1t06wzt,U.S. Debt Tops 100% of GDP,politics,2026-04-30T20:53:44,reddit,CaptJackRizzo,"Well yeah.  For those who’d been paying attention, the members of the Bush administration had been itching to invade Iraq for years.  It’s one of the reasons I can’t stand it when people say we couldn’t have known they were lying about WMDs.",43,2,,well yeah whod pay attention member bush administration itch invade iraq year one reason cant stand people say couldnt know lie wmd,0,0.9417
1t06wzt,U.S. Debt Tops 100% of GDP,politics,2026-04-30T21:57:33,reddit,wrongbutt_longbutt,"The UN was there and actively inspecting sites across the country.  I distinctly remember the UN inspectors basically saying if you know where they are, tell us and we'll find them.  The US consistently refused and wanted everyone to simply trust them.",42,4,,un actively inspect site across country distinctly remember un inspector basically say know tell u well find u consistently refuse want everyone simply trust,0,0.9972
1t06wzt,U.S. Debt Tops 100% of GDP,politics,2026-05-01T00:55:00,reddit,jellyrollo,Exactly. Head UN weapons inspector inspector Hans Blix and his staff were ordered to leave Iraq in March 2003 so the U.S. could invade.,24,5,,exactly head un weapon inspector inspector hans blix staff order leave iraq march u could invade,0,0.9707
1t06wzt,U.S. Debt Tops 100% of GDP,politics,2026-04-30T21:12:26,reddit,manachar,"I was there. The world knew. Americans knew. Every single responsible adult knew.

They knew it was a lie. But it was a lie that helped further the neoconservative vision of the future.

They believed that toppling Iraq would create a western aligned Middle East.",45,3,,world know american know every single responsible adult know know lie lie help neoconservative vision future believe topple iraq would create western align middle east,0,0.9485
1t06wzt,U.S. Debt Tops 100% of GDP,politics,2026-04-30T21:49:23,reddit,Jojojosephus,"AH yes, The Project for The New American Century. Pearle and those fellas. They were simpler times, i miss it.(as if im saying that....)",24,4,,ah yes project new american century pearle fella simple time miss itas im say,0,0.998
1t06wzt,U.S. Debt Tops 100% of GDP,politics,2026-04-30T23:19:37,reddit,Southern_Power_1567,"The PNAC, inside there was a list of countries! The last one to fall is Iran. Odd, and here we are.",21,5,,pnac inside list country last one fall iran odd,0,0.9925
1t06wzt,U.S. Debt Tops 100% of GDP,politics,2026-04-30T21:36:52,reddit,J_Ryall,"Also, if you look at a map, it becomes very clear what the endgame was: first, invade Afghanistan and install friendly regime. 9/11 provided the perfect pretext for this; next, invade Iraq and install friendly regime; finally, go into Iran from both sides and gain a stranglehold on most of the Earth's oil reserves. 

Only problem was they wildly underestimated how much everyone in that area of the world hates the u.s.",72,4,,also look map become clear endgame first invade afghanistan install friendly regime 911 provide perfect pretext next invade iraq install friendly regime finally go iran side gain stranglehold earths oil reserve problem wildly underestimate much everyone area world hat u,0,0.7313
1t06wzt,U.S. Debt Tops 100% of GDP,politics,2026-04-30T21:23:45,reddit,gullisland,"Well the bushs and bin Ladens were both part of the Carlyle Group which was the major supplier of most of the weapons for the wars after 9/11... lol you can't make it up. Its talked about in length in the micheal moore documentary. The bush and bin Laden family business connections going back to the 70s, the bush's oil industry was originally funded by the bin Ladens...",68,3,,well bush bin ladens part carlyle group major supplier weapon war 911 lol not make talked length micheal moore documentary bush bin laden family business connection go back 70 bush oil industry originally fund bin ladens,0,0.9545
1t06wzt,U.S. Debt Tops 100% of GDP,politics,2026-04-30T21:19:03,reddit,buried_lede,"The news outlets reporting the lie were threatened. (Covertly, because this wasn’t trump days) 

See McLatchy’s DC  bureau",18,3,,news outlet report lie threaten covertly wasnt trump day see mclatchys dc bureau,0,0.993
1t06wzt,U.S. Debt Tops 100% of GDP,politics,2026-04-30T22:02:12,reddit,buried_lede,"i mean these guys: 

Knight ridder, was bought by mcclatchy so both names appear

https://www.pbs.org/moyers/journal/blog/2007/04/chat_now_with_knight_ridder_re.html


https://www.middleeasteye.net/news/knight-ridder-small-team-US-journalists-Iraq-war


https://www.cato.org/commentary/questioning-case-war


https://niemanreports.org/investigative-reporting-on-iraq-from-beginning-to-end/

https://www.foreignaffairs.com/iraq/journalism-press-failed-iraq-walcott",19,5,,mean guy knight ridder buy mcclatchy name appear,0,0.8448
1t06wzt,U.S. Debt Tops 100% of GDP,politics,2026-04-30T21:02:30,reddit,So_HauserAspen,"Clinton was accused of gutting the military and defense budget.  Cold war ended and there was no imaginary danger that the public could be manipulated by.


That was a huge loss for the industrial war complex",36,2,,clinton accuse gutting military defense budget cold war end no imaginary danger public could manipulate huge loss industrial war complex,0,0.9747
1t06wzt,U.S. Debt Tops 100% of GDP,politics,2026-04-30T22:27:11,reddit,oldpasswordforgot,"&gt; Cold war ended and there was no imaginary danger that the public could be manipulated by.

At the time, the ""peace dividend"" was a big topic of discussion and the idea of being able to redirect some military spending towards the social (healthcare, education, etc.) was routinely brought up.",50,3,,gt cold war end no imaginary danger public could manipulate time peace dividend big topic discussion idea able redirect military spending towards social healthcare education etc routinely bring,0,0.9984
1t06wzt,U.S. Debt Tops 100% of GDP,politics,2026-04-30T20:55:47,reddit,scienide,The documentary maker Michael Moore speculated as such in the 2000’s. The basis for regime change in Iraq was because Saddam tried to kill pappy.,25,3,,documentary maker michael moore speculate basis regime change iraq saddam try kill pappy,0,0.7877
1t06wzt,U.S. Debt Tops 100% of GDP,politics,2026-04-30T21:12:19,reddit,whut-whut,"That was pretty clearly Dubya's reason, but there were plenty of other aligned interests that wanted it to happen, like Dick Cheney's Haliburton and Erik Prince's Blackwater itching for all those regime-change contracts.",33,4,,pretty clearly dubyas reason plenty aligned interest want happen like dick cheneys haliburton erik prince blackwater itch regimechange contract,0,0.9972
1t06wzt,U.S. Debt Tops 100% of GDP,politics,2026-04-30T21:49:18,reddit,schaumiz66,"and as pure evil as VP Dick Cheney was, he was probably to smart to be allowed to be included in this administration. Nobody can be smarter than the Dear Leader",31,5,,pure evil vp dick cheney probably smart allow include administration nobody smart dear leader,1,0.9824
1t06wzt,U.S. Debt Tops 100% of GDP,politics,2026-05-01T02:03:39,reddit,RiPont,"Not just the profiteering off that particular war, but the return to ""war is a means to an end that we can use when we feel like it"".

Without the Communists as a big boogeyman, how do you justify invading random 3rd world countries?  Gulf War 2: Corruption Boogaloo was the proving ground that said you don't need to.  Jingoism and fear of being ""unpatriotic"" are enough.",67,5,,not profiteer particular war return war mean end use feel like without communist big boogeyman justify invade random 3rd world country gulf war 2 corruption boogaloo proving ground say not need jingoism fear unpatriotic enough,1,0.8313
1t06wzt,U.S. Debt Tops 100% of GDP,politics,2026-04-30T23:10:54,reddit,RicockulousQuisling,Predicting a Republican president will start a war and crash the economy is like predicting Friday will come after Thursday.,20,2,,predict republican president start war crash economy like predict friday come thursday,0,0.9832
1t06wzt,U.S. Debt Tops 100% of GDP,politics,2026-04-30T22:57:34,reddit,flygirlsworld,A lot of ppl knew that GWB was just finishing up his father’s loose ends. GHWB was a three term president basically,22,2,,lot ppl know gwb finish father loose end ghwb three term president basically,0,0.8948
1t06wzt,U.S. Debt Tops 100% of GDP,politics,2026-04-30T20:56:29,reddit,AggressivelyMediokre,"Because his daddy had unfinished business there (desert storm) and only got 1 term because of it 

If UFO crashes are real, my bets are on material in Iraq and Greenland",31,2,,daddy unfinished business desert storm get 1 term ufo crash real bet material iraq greenland,0,0.995
1t06wzt,U.S. Debt Tops 100% of GDP,politics,2026-04-30T22:04:20,reddit,Murky-Relation481,"That's not the reason he got one term. The '91 Gulf War was widely popular, arguably justified, and put to bed a lot of national shame about the end of the Vietnam war.

Bush the elder lost because he promised no new taxes and by the end of his term was talking about raising taxes. As they say ""its the economy stupid!"".",62,3,,not reason get one term 91 gulf war widely popular arguably justified put bed lot national shame end vietnam war bush elder lost promise no new tax end term talk raise tax say economy stupid,0,0.9975
1t06wzt,U.S. Debt Tops 100% of GDP,politics,2026-04-30T22:35:59,reddit,BearTimberlands,That’s because it’s easy to see from miles away. But voters keep falling for the idea that republicans are good for the economy and for their finances. It’s going to happen again if there ever is another election or democratic president. They’ll get 9 months to fix everything until the media and social media start telling people the radical democrats are ruining the country.,64,2,,thats easy see mile away voter keep fall idea republican good economy finance go happen ever another election democratic president theyll get 9 month fix everything medium social medium start tell people radical democrat ruin country,0,0.9971
1t06wzt,U.S. Debt Tops 100% of GDP,politics,2026-04-30T23:30:54,reddit,rlbond86,SNL had a debate skit between Bush and Gore with Bush saying he wanted to start a war.,18,2,,snl debate skit bush gore bush say want start war,0,0.9879
1t06wzt,U.S. Debt Tops 100% of GDP,politics,2026-05-01T00:24:06,reddit,sigep0361,"It’s a pretty simple formula…

If Republican elected, then war in Middle East
    Else peace",15,2,,pretty simple formula republican elect war middle east else peace,0,0.9174
1t06wzt,U.S. Debt Tops 100% of GDP,politics,2026-04-30T21:16:36,reddit,NOMOKRATOR,"The Clinton years ended with real federal surpluses, including $124B in FY1999 and $237B in FY2000. CBO projections at the time showed publicly held debt on track to be nearly eliminated within the decade if surpluses continued. Instead, the Bush administration chose large tax cuts, rising defense and security spending, and eventually war spending, which helped turn projected surpluses back into deficits before the 2007–2009 crash. Deficits during a crisis are defensible. The problem is cutting revenue and expanding commitments during good years, then acting shocked when the country has less room to respond later. And yes, the Onion’s “long national nightmare of peace and prosperity” headline aged brutally well.",110,1,,clinton year end real federal surplus include 124b fy1999 237b fy2000 cbo projection time show publicly hold debt track nearly eliminate within decade surplus continue instead bush administration choose large tax cut rise defense security spending eventually war spending help turn project surplus back deficit crash deficit crisis defensible problem cut revenue expand commitment good year act shock country less room respond later yes onion long national nightmare peace prosperity headline age brutally well,0,0.9853
1t06wzt,U.S. Debt Tops 100% of GDP,politics,2026-04-30T23:54:57,reddit,Yashema,"Just glad to not see the ""Bush Jr was alright"" circle jerk that has evolved in the Trump era. He was just as willing to outright lie to give cover for his agenda as Trump, he just sounded more presidential when he did it.",44,2,,glad not see bush jr alright circle jerk evolve trump era willing outright lie give cover agenda trump sound presidential,0,0.8861
1t06wzt,U.S. Debt Tops 100% of GDP,politics,2026-05-01T02:00:02,reddit,themattboard,"I think it was more, ""Bush Jr was a broken ankle compared to the amputated leg that is Trump""",19,3,,think bush jr broken ankle compare amputate leg trump,0,0.9396
1t06wzt,U.S. Debt Tops 100% of GDP,politics,2026-05-01T02:14:37,reddit,Yashema,"Tell that to all the amputees coming back from the Iraq War, or hundreds of thousands of dead Arabs. 


Trump is only now in his second term actually doing more harm to the world and domestically than Bush did during his presidency.",42,4,,tell amputee come back iraq war hundred thousand dead arab trump second term actually harm world domestically bush presidency,1,0.9452
1t06wzt,U.S. Debt Tops 100% of GDP,politics,2026-05-01T02:57:44,reddit,Master_Dogs,"USAID cuts have killed hundreds of thousands per: https://hsph.harvard.edu/news/usaid-shutdown-has-led-to-hundreds-of-thousands-of-deaths/

Will lead to more than 14 million by 2030 if funding isn't restored: https://ph.ucla.edu/news-events/news/research-finds-more-14-million-preventable-deaths-2030-if-usaid-defunding

Since Trump is here until at least 2028 and has shown zero concerns for people dying - see the Iran *Special military operation totally not a War but led by the Dept of War* stuff for a great example - we're kinda fucked on this front.

Honestly 100% correct that he's done more harm than Bush did. USAID alone looks like that'll do it internationally. Botched COVID response did it domestically too: https://www.cidrap.umn.edu/covid-19/national-scandal-us-excess-deaths-rose-even-after-pandemic-far-outpacing-peer-countries

Plus all his anti vaccine crap will too - anti vax COVID stuff killed a lot of people: https://pmc.ncbi.nlm.nih.gov/articles/PMC10123459/

Now RFK Jr is in charge of that messaging. 🫠",125,5,,usaid cut kill hundred thousand per lead 14 million funding not restore since trump least show zero concern people die see iran special military operation totally not war lead dept war stuff great example kind fuck front honestly 100 correct harm bush usaid alone look like thatll internationally botch covid response domestically plus anti vaccine crap anti vax covid stuff kill lot people rfk jr charge messaging,0,0.8747
1t06wzt,U.S. Debt Tops 100% of GDP,politics,2026-05-01T02:40:11,reddit,Auswatt,"At the time no one thought he sounded Presidential, they just thought Gore was a snore. He would've gone down as one of our least eloquently spoken presidents had we not started electing people 4 feet in the ground.",39,3,,time no one think sound presidential think gore snore wouldve go one least eloquently spoken president not start elect people 4 foot ground,0,0.9899
1t06wzt,U.S. Debt Tops 100% of GDP,politics,2026-05-01T01:01:58,reddit,fuzzywinkerbean,"Those 99 and 00 surplus figures adjusted for inflation are basically doubled - $246B &amp; $454. Or in other words a lawsuit and a ballroom.. Jesus Christ, how far we've fallen.",31,2,,99 00 surplus figure adjust inflation basically doubled 246b 454 word lawsuit ballroom jesus christ far fall,0,0.9954
1t06wzt,U.S. Debt Tops 100% of GDP,politics,2026-05-01T01:52:58,reddit,ken_NT,"Lockbox

[SNL skit on the alternate gore timeline](https://youtu.be/wMOGYipQeyM) 

Sorry I couldn’t find a cleaner version of it",17,2,,lockbox snl skit alternate gore timeline sorry couldnt find clean version,0,0.9944
1t06wzt,U.S. Debt Tops 100% of GDP,politics,2026-04-30T20:49:17,reddit,whitethunder9,"JFC, that Onion article could hardly have been more accurately written if the writers themselves were time travelers from the future.",21,1,,jfc onion article could hardly accurately write writer time traveler future,0,0.9539
1t06wzt,U.S. Debt Tops 100% of GDP,politics,2026-04-30T23:22:46,reddit,IronBabyFists,"&gt;Bush swore to do “everything in [his] power”

That's so fucking funny dude. Sad-funny, but still funny.",17,2,,gtbush swore everything power fucking funny dude sadfunny still funny,0,0.9966
1t06wzt,U.S. Debt Tops 100% of GDP,politics,2026-04-30T21:04:56,reddit,TiredOfBeingTired28,4. Not a but 3 or 4 because he's a idiot at even laundering money.,15,2,,4 not 3 4 idiot even launder money,1,0.9901
1t06wzt,U.S. Debt Tops 100% of GDP,politics,2026-04-30T21:16:45,reddit,buried_lede,"The Mideast hawks aka the neocons, got their toe hold and we went to war on a lie and passed laws that wrecked our privacy and limited our rights. 

And it’s much worse today",34,1,,mideast hawk aka neocon get toe hold go war lie pass law wreck privacy limit right much bad today,1,0.9914
1t06wzt,U.S. Debt Tops 100% of GDP,politics,2026-04-30T22:23:09,reddit,PepeNoMas,"Conservatives only remember there is debt whenever we elect a democratic president. When we have a Republican one, they have complete amnesia about the national debt. all of a sudden, its not important",33,1,,conservative remember debt whenever elect democratic president republican one complete amnesia national debt sudden not important,0,0.9956
1t06wzt,U.S. Debt Tops 100% of GDP,politics,2026-04-30T23:04:39,reddit,-Bento-Oreo-,This.  They keep complaining about Obama running the debt in 2008 but interest rates were near 0%.  You'd be an idiot not to take out loans,26,1,,keep complain obama run debt interest rate near 0 would idiot not take loan,1,0.6091
1t06wzt,U.S. Debt Tops 100% of GDP,politics,2026-04-30T19:50:36,reddit,B-Z_B-S,"Trump and the GOP *ruined our economy*. For their bigotry and endless desire for power and cruelty, conservatives and fascists harmed the United States willingly and *eagerly*.",27,0,,trump gop ruin economy bigotry endless desire power cruelty conservative fascist harm united state willingly eagerly,1,0.9917
1t06wzt,U.S. Debt Tops 100% of GDP,politics,2026-04-30T19:52:50,reddit,Hornpipe_Jones,"But we can totally have $400 million for a ballroom, 200 billion for a war of choice, and 10 billion gifted to Trump because people saw the document presidents historically release on their own!",34,1,,totally 400 million ballroom 200 billion war choice 10 billion gift trump people saw document president historically release,0,0.9972
1t06wzt,U.S. Debt Tops 100% of GDP,politics,2026-04-30T20:03:01,reddit,02K30C1,And the IRS said he could release them even if he was undergoing an audit.,15,3,,irs say could release even undergo audit,0,0.9974
1t06wzt,U.S. Debt Tops 100% of GDP,politics,2026-04-30T20:07:39,reddit,lazydivey98,Yeah but the White House is pushing to cut SSI for severely disabled adults so we’re gonna be flush with cash soon. /s,23,2,,yeah white house push cut ssi severely disabled adult go flush cash soon,0,0.8186
1t06wzt,U.S. Debt Tops 100% of GDP,politics,2026-04-30T23:05:17,reddit,slipperyMonkey07,"I still run into idiots saying they will be getting a check (now it is up to 5k from the original 2k) by the end of the year for all the ""savings.""

I don't know where the hell the increase came from or what magical universe they live in that they see any savings happening but okay sure jan you wait for that check.",64,4,,still run idiot say get check 5k original 2k end year saving not know hell increase come magical universe live see saving happen okay sure jan wait check,0,0.9777
1t06wzt,U.S. Debt Tops 100% of GDP,politics,2026-04-30T20:24:02,reddit,LividTacos,"I mean, this is what they wanted, right?  They wanted a businessman to run the country like a business.  Well things that don't make money GET CUT.",27,3,,mean want right want businessman run country like business well thing not make money get cut,0,0.996
1t06wzt,U.S. Debt Tops 100% of GDP,politics,2026-04-30T20:26:31,reddit,am_i_wrong_dude,Things that don’t make HIM money get cut. The rest of us get stuck with his bills.,17,4,,thing dont make money get cut rest u get stick bill,0,0.9805
1t06wzt,U.S. Debt Tops 100% of GDP,politics,2026-04-30T21:01:07,reddit,jschmeau,Capitalism has infected their brains. The government was never intended to be run like a business. The government is not supposed to be profitable. It's supposed to be there to serve the citizens.,33,4,,capitalism infect brain government never intend run like business government not suppose profitable suppose serve citizen,0,0.9866
1t06wzt,U.S. Debt Tops 100% of GDP,politics,2026-04-30T21:57:18,reddit,PM_ME_YOUR_HIGHDEA,"&gt; It's supposed to be there to serve the citizens.


That sentence breaks conservatives brains. When Reagan said “the scariest words in the English language are, ‘I’m from the government and I’m here to help,’” they ran with that shit. I remember people complaining about receiving stimulus checks during Covid, saying they don’t need a handout. God forbid these ghouls in the government give something back to the people",69,5,,gt suppose serve citizen sentence break conservative brain reagan say scary word english language im government im help run shit remember people complain receive stimulus check covid say dont need handout god forbid ghoul government give something back people,0,0.9918
1t06wzt,U.S. Debt Tops 100% of GDP,politics,2026-05-01T02:01:18,reddit,Dangerous-Wall-2672,"I've never heard a single person properly elucidate what's supposed to be so terrifying about those words. They just heard a phrase, decided it clicked with some deep simian portion of their brains, and ran with it. Never once thought about it or questioned it.",45,6,,never hear single person properly elucidate suppose terrify word hear phrase decide click deep simian portion brain ran never think question,0,0.8688
1t06wzt,U.S. Debt Tops 100% of GDP,politics,2026-05-01T03:51:59,reddit,Thorrbane,"They never got over the government forcibly freeing the south's slaves, never mind the government showing up to force them to give them some rights.

Honestly, should have just confiscated any fortunes made with slave labor, and given them to the slaves that built them.",45,7,,never get government forcibly free souths slave never mind government show force give right honestly confiscate fortune make slave labor give slave build,0,0.6885
1t06wzt,U.S. Debt Tops 100% of GDP,politics,2026-04-30T22:09:02,reddit,Owain-X,"This is all true but the GOP and Trump have never attempted to run the government like a business.  They just loot it, that's the plan.  Loot everything, give those who bribe you enough some power, an EO, or a pardon, indulge your ego and most importantly make sure everyone remembers how important you are.  Shareholders would never put up with this bullshit, the problem is that they figured out that voters would.",73,5,,true gop trump never attempt run government like business loot plan loot everything give bribe enough power eo pardon indulge ego importantly make sure everyone remember important shareholder would never put bullshit problem figure voter would,0,0.9853
1t06wzt,U.S. Debt Tops 100% of GDP,politics,2026-04-30T21:49:27,reddit,mOdQuArK,It's not capitalism. That's tribalism. The people THEY like get deals. The people THEY don't like get hurt. It's the essence of being a conservative.,25,5,,not capitalism tribalism people like get deal people not like get hurt essence conservative,0,0.9908
1t06wzt,U.S. Debt Tops 100% of GDP,politics,2026-04-30T20:33:51,reddit,Polyrhythm239,Lmao it’s 1.5 TRILLION they’re asking for. Check out the hearing Kegsbreath was in with the senate armed forces committee on the budget today. Couldn’t even account for half of that 1.5 trillion,33,2,,lmao 15 trillion theyre ask check hearing kegsbreath senate arm force committee budget today couldnt even account half 15 trillion,0,0.983
1t06wzt,U.S. Debt Tops 100% of GDP,politics,2026-04-30T21:00:29,reddit,rackfloor,"Yup that was just insane to watch.  1.5 TRILLION.  You've got some real serious ambitions to fund with numbers like that, and it makes the rest of the world very, very uneasy - to say nothing of the people in the US that money would help.",46,3,,yup insane watch 15 trillion get real serious ambition fund number like make rest world uneasy say nothing people u money would help,0,0.997
1sjg5dg,Quick check-in from the mod team,TrueOffMyChest,2026-04-12T14:35:06,reddit,Raignbeau,"TLDR;

* We are actively working on reducing AI posts, but we cannot catch everything.
* Reports help a lot, especially when you include a custom response. Reports are anonymous!
* Some rules and report reasons were clarified so certain topics can be reported more easily.
* We are testing temporary comment locks on posts that gain a lot of traction quickly, to prevent discussions from derailing.
* Comments are automatically locked when OP is suspended or deletes their account, so you do not spend time replying to someone who will likely not see it.
* Post flairs are now required so sensitive topics receive proper content warnings and relevant resources.
* Removal reasons and ban messages were updated to better explain why we take certain actions.
* We appreciate you!",131,0,,tldr actively work reduce ai post not catch everything report help lot especially include custom response report anonymous rule report reason clarify certain topic report easily test temporary comment lock post gain lot traction quickly prevent discussion derail comment automatically lock op suspend delete account not spend time reply someone likely not see post flair require sensitive topic receive proper content warning relevant resource removal reason ban message update well explain take certain action appreciate,0,0.9952
1sjg5dg,Quick check-in from the mod team,TrueOffMyChest,2026-04-12T14:42:52,reddit,Raignbeau,"It's a team effort. And by team I mean our mod team and our members.   
Members are what make or break a community. Seeing so many of you care, motivates us too!",32,1,,team effort team mean mod team member member make break community see many care motivates u,0,0.9984
1sjg5dg,Quick check-in from the mod team,TrueOffMyChest,2026-04-12T15:16:53,reddit,Dropssshot,"Good stuff, though I have to ask, what do you mean ""while we are not against AI.."" 🤨",18,0,,good stuff though ask mean not ai,0,0.9973
1sjg5dg,Quick check-in from the mod team,TrueOffMyChest,2026-04-12T15:25:44,reddit,Dropssshot,"To be clear, you're talking about generative AI? Not algorithms and whatnot from the time before the AI boom in the last few years?

Not sure this got downvoted so hard but ok",33,2,,clear talk generative ai not algorithms whatnot time ai boom last year not sure get downvoted hard ok,0,0.9433
1sjg5dg,Quick check-in from the mod team,TrueOffMyChest,2026-04-12T15:36:05,reddit,Raignbeau,"Yes, mainly referring to generative AI! We had a huge influx of bot accounts with generative AI a while back. Around that time we added the Read the Rules app, see pinned post. This forces users to take a simple one time extra step. Bot accounts don’t do that really. 

But it was bad and I think tons of members started to get suspicious of posts possibly being AI. 

Reddit uses AI tools for their moderation. Which is often helpful. It creates a profile about the user that can contain useful information. Or when we remove something, it shows us what it thinks are suitable removal reasons. Which makes moderation a tiny bit easier and faster.",116,3,,yes mainly refer generative ai huge influx bot account generative ai back around time add read rule app see pinned post force user take simple one time extra step bot account dont really bad think ton member start get suspicious post possibly ai reddit use ai tool moderation often helpful create profile user contain useful information remove something show u think suitable removal reason make moderation tiny bit easy faster,0,0.9983
1sjg5dg,Quick check-in from the mod team,TrueOffMyChest,2026-04-12T16:47:02,reddit,Dropssshot,"Generative AI is a cancer. Places like my hometown are dealing with ambient noise levels considered dangerous, 3x normal water bills, and local legislation that allows these companies to do whatever they want, all so they can have their precious data center in impoverished communities. Because who cares when the locals aren't wealthy enough to fight back? 

Real easy to see these 'tools' as just tools, rather the product fueled by exploitation that they are, when you aren't personally affected by it. I encourage you to look more into it. You and most others aren't aware, but the time is coming where everyone has a decision they need to make.",110,4,,generative ai cancer place like hometown deal ambient noise level consider dangerous 3x normal water bill local legislation allow company whatever want precious data center impoverished community care local not wealthy enough fight back real easy see tool tool rather product fuel exploitation not personally affect encourage look others not aware time come everyone decision need make,0,0.9762
1sjg5dg,Quick check-in from the mod team,TrueOffMyChest,2026-04-12T18:16:38,reddit,Spirited_Wasabi9633,I try not to use it after I read about how bad it is for...pretty much everything. What I hate is that so many companies are just automatically incorporating it and not giving us a choice to not use it. I don't want to contribute to all the bad shit it causes. Firefox just came out with an update where you can turn the AI off. That's the only place I've seen it so far.,75,5,,try not use read bad forpretty much everything hate many company automatically incorporate not give u choice not use not want contribute bad shit cause firefox come update turn ai place see far,0,0.7684
1sjg5dg,Quick check-in from the mod team,TrueOffMyChest,2026-04-12T18:27:59,reddit,Dropssshot,"I've seen that a lot too, I avoid it at all costs but sometimes it's inevitable. Like to file my taxes I have to use Rocket because it's free for AD military, and they use to this AI chatbox for no reason at all.

Eventually there will be companies/products that pride themselves in no AI usage, kinda like how browsers like Opera do for ad-blocking and anti-tracking etc, and I'll gladly provide my business to them at any means in order to avoid it.",84,6,,see lot avoid cost sometimes inevitable like file tax use rocket free ad military use ai chatbox no reason eventually companiesproducts pride no ai usage kind like browser like opera adblocking antitracking etc gladly provide business mean order avoid,0,0.9965
1sjg5dg,Quick check-in from the mod team,TrueOffMyChest,2026-04-12T19:25:59,reddit,Dropssshot,"The difference is in *generative* AI. We've had AI for decades. Generative AI and the boom of its industry in the past few years is the problem. Siri (or at least traditional Siri, I don't own apple products so idk if it's now a LLM) is not generative AI no, it is an information retrieval tool just the same as the Google search bar.",64,6,,difference generative ai ai decade generative ai boom industry past year problem siri least traditional siri not apple product idk llm not generative ai no information retrieval tool google search bar,0,0.9981
1sjg5dg,Quick check-in from the mod team,TrueOffMyChest,2026-04-12T19:27:47,reddit,art_addict,"Okay, so the big issue is the generative ai, and that’s like the chat GPT, and the stuff that makes the pictures and shit, yeah?  Or the “write me a ___ for ___” or whatever?  Or “I wrote this for this, tweak it to make it sound more professional” type of AI?",52,7,,okay big issue generative ai thats like chat gpt stuff make picture shit yeah write whatever write tweak make sound professional type ai,0,0.9976
1t0bce3,My TA pulled me aside after my fluids midterm today and I don't have anyone to tell,TrueOffMyChest,2026-04-30T23:25:26,reddit,comment-cap,"**This post has been temporarily locked due to a high volume of comments in a short time.**

We do this so a moderator can review the thread and ensure the discussion remains within subreddit rules. 

*After review, the post may be reopened.*

Thanks for your understanding.",46,0,,post temporarily lock due high volume comment short time moderator review thread ensure discussion remain within subreddit rule review post may reopen thanks understanding,0,0.9897
1t0bce3,My TA pulled me aside after my fluids midterm today and I don't have anyone to tell,TrueOffMyChest,2026-04-30T22:42:53,reddit,desertboots,"This is awesome. You were *seen* and not patronized.


Best of luck with your degree!!",15,0,,awesome see not patronize best luck degree,0,0.9983
1t0bce3,My TA pulled me aside after my fluids midterm today and I don't have anyone to tell,TrueOffMyChest,2026-04-30T23:14:54,reddit,Lovely_Softie-93,"That’s the kind of compliment people remember for years, not because it’s praise, but because it confirms all that experience mattered, Nice one fr",24,1,,thats kind compliment people remember year not praise confirm experience matter nice one fr,0,0.9985
1t0bce3,My TA pulled me aside after my fluids midterm today and I don't have anyone to tell,TrueOffMyChest,2026-04-30T23:21:16,reddit,Global-Spirit9858,"This is the kind of wholesome content that keeps me on this site. Absolutely smashed it, OP!",17,2,,kind wholesome content keep site absolutely smash op,0,0.9914
1t0bce3,My TA pulled me aside after my fluids midterm today and I don't have anyone to tell,TrueOffMyChest,2026-04-30T22:41:20,reddit,cydgig,"As a dude, let me just give you a hearty ""hell yeah""!


It's nice to feel seen sometimes. Way to go!",21,0,,dude let give hearty hell yeah nice feel see sometimes way go,0,0.9984
1t0bce3,My TA pulled me aside after my fluids midterm today and I don't have anyone to tell,TrueOffMyChest,2026-04-30T23:13:10,reddit,Foolish-Pleasure99,"As a fellow engineering student (many years ago) I applaud your effort, your career change and ability.",17,2,,fellow engineering student many year ago applaud effort career change ability,0,0.9976
1t0bce3,My TA pulled me aside after my fluids midterm today and I don't have anyone to tell,TrueOffMyChest,2026-04-30T23:16:36,reddit,TrailerTrashQueen,"this is so exciting!! 🍾🍾🍾🏆🏆🏆

congratulations! you should be very proud of yourself. such a great accomplishment. truly! 

you got this! 🎂🎂🎂🎂🎂",22,2,,exciting congratulation proud great accomplishment truly get,0,0.9945
1t0bce3,My TA pulled me aside after my fluids midterm today and I don't have anyone to tell,TrueOffMyChest,2026-04-30T23:11:53,reddit,aftergaylaughter,"as a woman who has uttered more than my share of hearty ""hell yeahs,"" i concur.

hell fucking yeah!!",19,1,,woman utter share hearty hell yeahs concur hell fucking yeah,0,0.9888
1t0bce3,My TA pulled me aside after my fluids midterm today and I don't have anyone to tell,TrueOffMyChest,2026-04-30T22:43:22,reddit,Any_Pressure_6154,"this is so  so amazing and inspiring, something about this makes me feel
emotional for someone i don’t even know for some reason 🥺that’s incredible and i’m so proud for you-you put in hard work for years and years and it’s all worth it. wishing the best in life for you!",51,0,,amazing inspire something make feel emotional someone dont even know reason thats incredible im proud youyou put hard work year year worth wish best life,0,0.9914
1t0bce3,My TA pulled me aside after my fluids midterm today and I don't have anyone to tell,TrueOffMyChest,2026-04-30T22:51:20,reddit,ThisGirlIsFine,"Fellow ME here and I get it!  But, tell your wife - she might not totally get it (or maybe she will cuz women can get it too!), but she will be proud of the compliment you got.",38,0,,fellow get tell wife might not totally get maybe cuz woman get proud compliment get,0,0.9976
1t0bce3,My TA pulled me aside after my fluids midterm today and I don't have anyone to tell,TrueOffMyChest,2026-04-30T23:24:59,reddit,Pale-Salary6568,"Oh my…when OP said they “went back to school for ME”, I thought they were emphasizing like doing something for themselves. 

Now I know. Mechanical engineering.",26,1,,oh mywhen op say go back school think emphasize like something know mechanical engineering,0,0.9987
1t0bce3,My TA pulled me aside after my fluids midterm today and I don't have anyone to tell,TrueOffMyChest,2026-04-30T22:51:10,reddit,BrookeBaranoff,"Maybe try framing it differently. 

“Man honey, the ta pulled me aside and I thought I was in so much trouble but then he complimented me for my knowledge.  It felt so good.”",33,0,,maybe try frame differently man honey ta pull aside think much trouble compliment knowledge felt good,0,0.9978
1t0bce3,My TA pulled me aside after my fluids midterm today and I don't have anyone to tell,TrueOffMyChest,2026-04-30T22:46:08,reddit,sidibongo,"My 21 year old son is in the third year of an MEng. I’m proud of him, and I’m proud of you! 👏 Well done - that’s a tough degree to do when you have a family at home. Glad someone is noticing your strengths.",45,0,,21 year old son third year meng im proud im proud well thats tough degree family home glad someone notice strength,0,0.9984
1t0bce3,My TA pulled me aside after my fluids midterm today and I don't have anyone to tell,TrueOffMyChest,2026-04-30T22:58:42,reddit,agentchuck,"As a married old guy myself, tell your wife. Don't let yourself get into the habit of not bothering to tell her the small little things that make you have a nice day. It's the little joys that keep a relationship going.",42,0,,married old guy tell wife not let get habit not bother tell small little thing make nice day little joy keep relationship go,0,0.9977
1t0bce3,My TA pulled me aside after my fluids midterm today and I don't have anyone to tell,TrueOffMyChest,2026-04-30T22:53:00,reddit,TheLastWord63,You didn't even give your wife a chance to celebrate you. You could explain it to her the same way you did to us. The only thing I understood in this post is you worked very hard on something and was unexpectedly acknowledged for it and you feel pride and joy like you should. Share it.,56,0,,not even give wife chance celebrate could explain way u thing understood post worked hard something unexpectedly acknowledge feel pride joy like share,0,0.9973
1t0bce3,My TA pulled me aside after my fluids midterm today and I don't have anyone to tell,TrueOffMyChest,2026-04-30T23:10:40,reddit,christbot,"I think also she might have been concerned about false positives for AI, and her response was a bit tempered because of the implicit risk, but didn’t wanna cause undue stress during a happy moment. I wouldn’t just assume off the bat that a muted response is any kind of lip service. She’s obviously happy you’re happy at the very least.",61,1,,think also might concern false positive ai response bit tempered implicit risk didnt want cause undue stress happy moment wouldnt assume bat muted response kind lip service shes obviously happy youre happy least,0,0.9971
1t0bce3,My TA pulled me aside after my fluids midterm today and I don't have anyone to tell,TrueOffMyChest,2026-04-30T22:45:43,reddit,ze-sa-no-gun,"Wow!! 
Congratulations!!  I am so proud of you. That is hard work and determination paying off. 

Tell your wife. Proud men that are good at what they do are very sexy!!",31,0,,wow congratulation proud hard work determination pay tell wife proud men good sexy,0,0.9965
1t0bce3,My TA pulled me aside after my fluids midterm today and I don't have anyone to tell,TrueOffMyChest,2026-04-30T22:52:12,reddit,IntrepidBoat1416,"Hell yeah man, you’re decade of field experience will serve you well with the degree. Send me a DM if/when you start looking for a job. 

I work for a controls/system integration firm, not sure if you’d be interested in that or not but could also connect to some National MEP as well",53,0,,hell yeah man youre decade field experience serve well degree send dm ifwhen start look job work controlssystem integration firm not sure youd interested not could also connect national mep well,0,0.9986
1t0bce3,My TA pulled me aside after my fluids midterm today and I don't have anyone to tell,TrueOffMyChest,2026-04-30T23:25:15,reddit,mdaisy1245,That's really awesome. It's a good feeling when experience gets appreciated when the knowledge that you have gets valued that way. Congratulations!,22,0,,really awesome good feeling experience get appreciate knowledge get value way congratulation,0,0.9981
1t0bce3,My TA pulled me aside after my fluids midterm today and I don't have anyone to tell,TrueOffMyChest,2026-04-30T22:49:43,reddit,TheThirdStrike,"When someone recognizes that you actually know your shit, and aren't just regurgitating notes.... 

No better feeling.

Congratulations, core memories are rare late in life.",25,0,,someone recognize actually know shit not regurgitate note no good feel congratulation core memory rare late life,0,0.9972
1t0bce3,My TA pulled me aside after my fluids midterm today and I don't have anyone to tell,TrueOffMyChest,2026-04-30T23:24:40,reddit,Cebas7,"I'm Chemistry Technician and i understand you pretty well, there is not much people around to share this kind of success stories. From little to huge achievements be proud of yourself and smile! Life is great even when we can't share our success with our loved ones!",47,0,,chemistry technician understand pretty well not much people around share kind success story little huge achievement proud smile life great even not share success loved one,0,0.9974
1t0bce3,My TA pulled me aside after my fluids midterm today and I don't have anyone to tell,TrueOffMyChest,2026-04-30T22:49:00,reddit,StripedCat404,"Awesome! ⭐️

We see you, Op. If you want your wife to see you too, send her your post. It explains a lot without getting into the weeds about feelings and over explanations.",33,0,,awesome see op want wife see send post explain lot without get weed feeling explanation,0,0.9984
1t0bce3,My TA pulled me aside after my fluids midterm today and I don't have anyone to tell,TrueOffMyChest,2026-04-30T23:03:27,reddit,Mark_E_Markinson,"Excellent work Sir. It feels good to be seen. It feels even better to excel at something you worked hard at. You should be proud of yourself. You took on a challenge and you are standing out with your results. Exemplary!

Also, tell your wife. Tell your kids! You don’t even have to go into specifics. Just say you got some good feedback at school and you feel good about it. Papa got a gold star! Put your exam on the refrigerator when you get it back. 🤓

Sometimes a “that’s sweet honey” from someone you sacrifice and work hard for, can feel pretty good too.",106,0,,excellent work sir feel good see feel even good excel something work hard proud take challenge stand result exemplary also tell wife tell kid dont even go specific say get good feedback school feel good papa get gold star put exam refrigerator get back sometimes thats sweet honey someone sacrifice work hard feel pretty good,0,0.9922
1t0bce3,My TA pulled me aside after my fluids midterm today and I don't have anyone to tell,TrueOffMyChest,2026-04-30T22:50:46,reddit,nitrot150,"That’s awesome!! Fluids is a tough course (been there) so great work!! And honestly, being out in the engineering world, practical experience ends up being so important",27,0,,thats awesome fluid tough course great work honestly engineering world practical experience end important,0,0.9985
1t0bce3,My TA pulled me aside after my fluids midterm today and I don't have anyone to tell,TrueOffMyChest,2026-04-30T23:02:35,reddit,BooBeans71,"Having been an older TA and seeing the completely standard or poorly-written papers, my little heart is beaming for you and that recognition. Andrew must look forward to your papers, because he knows he's going to see quality work and will use that as the yardstick by which to measure all others. Bravo, sir.",54,0,,old ta see completely standard poorlywritten paper little heart beam recognition andrew must look forward paper know go see quality work use yardstick measure others bravo sir,0,0.9946
1t0bce3,My TA pulled me aside after my fluids midterm today and I don't have anyone to tell,TrueOffMyChest,2026-04-30T23:22:01,reddit,xsnarkasaurus,"That is incredible. Sincerely, that is the best kind of compliment to get, and it sounds like you know your shit and are rocking your courses! 

I am sorry about your wife. I don't understand everything my partners do, but I *always* celebrate them, their achievements, and excitements. That I understand fully doesn't matter. That *they* are excited/proud/happy/etc. Is what matters, and I am here for that. Have you talked with her about how it makes you feel dismissed and unheard? She may not realize. 

No matter what, *fuck yeah*! Nice accomplishment, and all the best to you in your education and career!",103,0,,incredible sincerely best kind compliment get sound like know shit rock course sorry wife not understand everything partner always celebrate achievement excitement understand fully not matter excitedproudhappyetc matter talk make feel dismiss unheard may not realize no matter fuck yeah nice accomplishment best education career,0,0.9975
1t0bce3,My TA pulled me aside after my fluids midterm today and I don't have anyone to tell,TrueOffMyChest,2026-04-30T22:49:59,reddit,helloelysium,This was so good to read and honestly brightened my day too. Thanks for sharing,15,0,,good read honestly brighten day thanks share,0,0.9988
1t0bce3,My TA pulled me aside after my fluids midterm today and I don't have anyone to tell,TrueOffMyChest,2026-04-30T22:53:44,reddit,Time_Physics_6557,Fluid mechanics and thermo made me switch from ME to EE. Could never understand that shit. I'm so proud of you,21,0,,fluid mechanic thermo make switch ee could never understand shit proud,0,0.9612
1t0bce3,My TA pulled me aside after my fluids midterm today and I don't have anyone to tell,TrueOffMyChest,2026-04-30T22:51:14,reddit,Singing_Sword,"Congratulations! That is fantastic, and I'm glad the TA recognized it. There is a lot to be said for having life experience that people often don't realize.",27,0,,congratulation fantastic glad ta recognize lot say life experience people often not realize,0,0.9986
1t0bce3,My TA pulled me aside after my fluids midterm today and I don't have anyone to tell,TrueOffMyChest,2026-04-30T22:53:32,reddit,treehggr61,My son got a dual degree (5 year program) in energy engineering and physics. I told him the best thing he could do is to start IN THE FIELD WITH HANDS ON EXPERIENCE. Nothing teaches anyone more than putting your hands and brain together to work in your chosen endeavor. He said it’s the best thing he could have done and that he learned so much in three years of hands-on experience that solidified everything he learned getting his degree.,80,0,,son get dual degree 5 year program energy engineering physic tell best thing could start field hand experience nothing teach anyone put hand brain together work chosen endeavor say best thing could learn much three year handson experience solidify everything learn get degree,0,0.9986
1t0bce3,My TA pulled me aside after my fluids midterm today and I don't have anyone to tell,TrueOffMyChest,2026-04-30T22:58:08,reddit,dekuweku,"I was worried the TA was going to drop some bomb, but this ended up being a great story in the end.

This is an awesome story. Save it for the kiddos. They will remember you went to school when they were young, especially the 6 year old and you can tell them why and include this anecdote.",58,0,,worry ta go drop bomb end great story end awesome story save kiddos remember go school young especially 6 year old tell include anecdote,0,0.9966
1t0bce3,My TA pulled me aside after my fluids midterm today and I don't have anyone to tell,TrueOffMyChest,2026-04-30T23:22:53,reddit,Legal_Ad_326,"I did Chemistry at uni so as someone who has spent a lot of time in labs, let me say CONGRATS! You got *such* a big compliment, it’s a big deal!",31,0,,chemistry uni someone spend lot time labs let say congrats get big compliment big deal,0,0.9986
1t0bce3,My TA pulled me aside after my fluids midterm today and I don't have anyone to tell,TrueOffMyChest,2026-04-30T22:49:35,reddit,bestbeware,"That is so nice! You are obviously doing great in a challenging course, and your TA sees you. Good luck with your degree!",23,0,,nice obviously great challenging course ta see good luck degree,0,0.9979
1t0bce3,My TA pulled me aside after my fluids midterm today and I don't have anyone to tell,TrueOffMyChest,2026-04-30T22:53:48,reddit,SweetDee72,Fantastic!  I went back to school myself and it's weird to be the old guy sitting in a class in a 18 - 20 year olds.,26,0,,fantastic go back school weird old guy sit class 18 20 year old,0,0.9988
1t0bce3,My TA pulled me aside after my fluids midterm today and I don't have anyone to tell,TrueOffMyChest,2026-04-30T22:58:49,reddit,Kip_Schtum,"That’s awesome! 🙌

Edit: If it would be useful, askthat guy to write you a reference letter?",17,0,,thats awesome edit would useful askthat guy write reference letter,0,0.999
1t0bce3,My TA pulled me aside after my fluids midterm today and I don't have anyone to tell,TrueOffMyChest,2026-04-30T23:03:34,reddit,Calgary_Calico,"It's always nice when someone notices your expertise, that's such a great feeling! Good luck with the new career!",19,0,,always nice someone notice expertise great feeling good luck new career,0,0.9984
1t0bce3,My TA pulled me aside after my fluids midterm today and I don't have anyone to tell,TrueOffMyChest,2026-04-30T23:08:00,reddit,Steel_Man23,"Hell yeah man. Honestly, the TA is a mixture of impressed by how well you did, your courage to come back to school, and maybe even confused that you hadn’t done it sooner, but either way he recognized how well you did!",42,0,,hell yeah man honestly ta mixture impress well courage come back school maybe even confuse hadnt sooner either way recognize well,0,0.9984
1t0bce3,My TA pulled me aside after my fluids midterm today and I don't have anyone to tell,TrueOffMyChest,2026-04-30T22:55:32,reddit,Runs_With_Scissors3,I love that your professional experience was noted in the classroom. Good luck with your career change. You’re moving forward.,20,0,,love professional experience note classroom good luck career change youre move forward,0,0.999
1t0bce3,My TA pulled me aside after my fluids midterm today and I don't have anyone to tell,TrueOffMyChest,2026-04-30T22:55:56,reddit,gmomto3,"I didn't understand a single term, but I'm over here grinning ear to ear for you!  I'm so proud for you!  This is so wonderful. Keep up the amazing work.",30,0,,not understand single term grin ear ear proud wonderful keep amazing work,0,0.9947
1t0bce3,My TA pulled me aside after my fluids midterm today and I don't have anyone to tell,TrueOffMyChest,2026-04-30T23:00:26,reddit,Fluid_Painting_5734,"Awesome for being noticed! 

I miss the paper industry, specifically the corrugated portion.  I would like to go back someday.",20,0,,awesome notice miss paper industry specifically corrugated portion would like go back someday,0,0.999
1t0bce3,My TA pulled me aside after my fluids midterm today and I don't have anyone to tell,TrueOffMyChest,2026-04-30T23:00:35,reddit,jimjamj14,"Good shit dude, you’re a beast! Best of luck with the rest of your courses (based on this story I’m sure you’ll do fine). Enjoy the grind. 

-a ME grad",30,0,,good shit dude youre beast best luck rest course base story im sure youll fine enjoy grind grad,0,0.9981
1t0bce3,My TA pulled me aside after my fluids midterm today and I don't have anyone to tell,TrueOffMyChest,2026-04-30T23:08:10,reddit,queenofthe1N73RN37,Ayyyyyyy good job brother. I had a similar experience the other week and felt good.,15,0,,ayyyyyyy good job brother similar experience week felt good,0,0.9982
1t0bce3,My TA pulled me aside after my fluids midterm today and I don't have anyone to tell,TrueOffMyChest,2026-04-30T23:08:20,reddit,theglossiernerd,"Hey, I think your wife would be thrilled to hear about such a great compliment if you explained it to her like this. She’d be proud!",26,0,,hey think wife would thrill hear great compliment explain like shed proud,0,0.9961
1t0bce3,My TA pulled me aside after my fluids midterm today and I don't have anyone to tell,TrueOffMyChest,2026-04-30T23:08:32,reddit,Dancinfool830,"Admittedly, I have never seen industrial systems run, and don't know how control volume flow works. I do, however, know the trouble of knowing the practical intricacies of a given topic and not have anyone who really grasps the technical aspects or can appreciate or acknowledge your learned experience and knowledge.

You should be proud of your accomplishments and find some solace in knowing that your TA sees how much you know and your working knowledge.

My wife tells me about the details of her job, and while I have never worked in her industry and don't really have any interest in it, I do listen and cheer on her accomplishments. 

Keep learning, keep growing, share on here if you don't have anyone else, we will be here for you! Know that this random internet stranger is proud of you and your accomplishments",143,0,,admittedly never see industrial system run not know control volume flow work however know trouble know practical intricacy give topic not anyone really grasp technical aspect appreciate acknowledge learned experience knowledge proud accomplishment find solace know ta see much know work knowledge wife tell detail job never work industry not really interest listen cheer accomplishment keep learn keep grow share not anyone else know random internet stranger proud accomplishment,0,0.9987
1t0bce3,My TA pulled me aside after my fluids midterm today and I don't have anyone to tell,TrueOffMyChest,2026-04-30T23:20:24,reddit,U1tramadn3ss,"Game recognize game my man, that’s a really cool interaction. I don’t know you but I’m proud and impressed! I applaud you from my PNW office as I break from cabling new desk set ups.",35,0,,game recognize game man thats really cool interaction dont know im proud impressed applaud pnw office break cable new desk set ups,0,0.9976
1t0bce3,My TA pulled me aside after my fluids midterm today and I don't have anyone to tell,TrueOffMyChest,2026-04-30T22:53:05,reddit,trollhaulla,"I’m a lawyer in a very niche part of financial services.   I’m pretty well recognized in that particular industry and have received a number of accolades, taken companies public, assisted in billions in mergers.   Don’t ever take my work home good or bad.   Two of my boys finally googled me when one was a senior in high school and was shocked to see my accomplishments and degrees.   I play it down because I just want to be “Dada” for as long as I can.  That’s my life’s work. 

You do you and congratulations!",93,0,,im lawyer niche part financial service im pretty well recognize particular industry receive number accolade take company public assist billion merger dont ever take work home good bad two boy finally google one senior high school shock see accomplishment degree play want dada long thats lifes work congratulation,0,0.998
1t0bce3,My TA pulled me aside after my fluids midterm today and I don't have anyone to tell,TrueOffMyChest,2026-04-30T22:53:58,reddit,likeyoukn0wwhatever,"Good onya, mate! Tell your wife! My partner comes home and rambles on in technical mumbo jumbo all the time; I don't understand the half of it, of course, but I know when he's feeling proud of a job well done, or has been praised by colleagues and bosses for his work, and I'm always proud of him for that, and make sure to tell him so. He works really hard and sometimes people just need to let off some steam, or show off work they're proud of and have it acknowledged. 

Keep up the good work, cobba!",98,0,,good onya mate tell wife partner come home ramble technical mumbo jumbo time not understand half course know feel proud job well praise colleague boss work always proud make sure tell work really hard sometimes people need let steam show work proud acknowledge keep good work cobba,0,0.9987
1t0bce3,My TA pulled me aside after my fluids midterm today and I don't have anyone to tell,TrueOffMyChest,2026-04-30T22:49:59,reddit,Puzzleheaded_Stick90,"This is awesome. Its times like this that remind us its all worth it.

Best of luck with your degree!!",20,0,,awesome time like remind u worth best luck degree,0,0.9985
1t0bce3,My TA pulled me aside after my fluids midterm today and I don't have anyone to tell,TrueOffMyChest,2026-04-30T22:53:24,reddit,Immediate-Cup8172,"This is a great story, much more uplifting than what I was expecting after reading ""fluids test"".",17,0,,great story much uplifting expect read fluid test,0,0.9982
1t0bce3,My TA pulled me aside after my fluids midterm today and I don't have anyone to tell,TrueOffMyChest,2026-04-30T22:56:02,reddit,Active-Persimmon-87,"Way to go bro!  Fluids was my worst grade in college. Passed only cause teacher thought my answer was ingenious, though wrong, and gave me half credit.",27,0,,way go bro fluid bad grade college pass cause teacher think answer ingenious though wrong give half credit,0,0.993
1t0bce3,My TA pulled me aside after my fluids midterm today and I don't have anyone to tell,TrueOffMyChest,2026-04-30T22:57:24,reddit,degin3,I’ll level with you mate I’m 33 software testing has gone to shit and I’m trying to get my comptia stuff to get into cybersecurity. Wish you every success I hope your degree gets you into the job you want. I’m finding it hard getting back in the classroom you know,51,0,,ill level mate im 33 software test go shit im try get comptia stuff get cybersecurity wish every success hope degree get job want im find hard get back classroom know,0,0.998
1t0bce3,My TA pulled me aside after my fluids midterm today and I don't have anyone to tell,TrueOffMyChest,2026-04-30T23:08:40,reddit,Diligent-Language-79,"I think that’s an amazing thing that happened to you. Anyone who loves would feel proud just hearing that story, regardless of understanding it all. Anyways, I’m proud of you for doing this for yourself!!",35,0,,think thats amazing thing happen anyone love would feel proud hear story regardless understand anyways im proud,0,0.9979
1t0bce3,My TA pulled me aside after my fluids midterm today and I don't have anyone to tell,TrueOffMyChest,2026-04-30T23:09:00,reddit,outersenshi,"I would feel the same way when I managed a whole aquatics section and knew what I was doing. Only other people that had/have intricate water systems really understood what was going on and sometimes saw my little tricks to help things. For my friends and even coworkers though, I was just stuffing things in places and turning knobs. They didn’t understand. This is awesome!",65,0,,would feel way manage whole aquatic section know people hadhave intricate water system really understand go sometimes saw little trick help thing friend even coworkers though stuff thing place turn knob didnt understand awesome,0,0.9982
1t0bce3,My TA pulled me aside after my fluids midterm today and I don't have anyone to tell,TrueOffMyChest,2026-04-30T23:09:11,reddit,StunnedinTheSuburbs,"I have no idea what ME is but strangely feel really proud of you! You’re obviously killing it, in a way I totally don’t understand :)",26,0,,no idea strangely feel really proud youre obviously kill way totally dont understand,0,0.9672
1t0bce3,My TA pulled me aside after my fluids midterm today and I don't have anyone to tell,TrueOffMyChest,2026-04-30T23:17:02,reddit,RedCliff73,"As someone who also works in the paper industry, fuck yeah!  We need people like you!
Keep up the good work!",21,0,,someone also work paper industry fuck yeah need people like keep good work,0,0.9982
1t0bce3,My TA pulled me aside after my fluids midterm today and I don't have anyone to tell,TrueOffMyChest,2026-04-30T22:55:32,reddit,princessjamiekay,"That’s amazing! And some very good validation on your career choice. I just finished my third degree, making my third career choice, and still learning who I am. It’s never too late to start over and it’s never too late to follow your dreams",44,0,,thats amaze good validation career choice finish third degree make third career choice still learn never late start never late follow dream,0,0.9973
s1gd86,Jkfl Redddit Meta Posts,mildlyinfuriating,2022-01-16T06:41:47,reddit,TheWeirdWriter,"Just came here to say that. Every post I’ve gotten in my feed from this Reddit has been “look at this awful thing my family member did to a personal item of mine!” Like… that isn’t mildly infuriating, that’s straight up dangerous and abuse. And the comments and upvotes just roll with it like it’s normal and not a sign the op might need help",65,1,,come say every post ive gotten feed reddit look awful thing family member personal item mine like isnt mildly infuriate thats straight dangerous abuse comment upvotes roll like normal not sign op might need help,0,0.9523
s1gd86,Jkfl Redddit Meta Posts,mildlyinfuriating,2022-01-16T07:07:40,reddit,laylarosefiction,"Yes. There are plenty of places to post this stuff if for the sole purpose of venting. 

Maybe we need a flow chart.",23,2,,yes plenty place post stuff sole purpose vent maybe need flow chart,0,0.9974
s1gd86,Jkfl Redddit Meta Posts,mildlyinfuriating,2022-01-16T20:02:12,reddit,xiviajikx,I think it’s not just family members. I’ve seen so many shitty roommate posts it’s to the point where I’m over this sub. I think it’s just more kids on here and Reddit in general and I think it contributes to the growing amount of unintelligible discussion. The amount of posts I see that can be pretty easily googled or that lack any exciting discussion has led me elsewhere. But I consider it for the better.,76,2,,think not family member ive see many shitty roommate post point im sub think kid reddit general think contribute grow amount unintelligible discussion amount post see pretty easily google lack exciting discussion lead elsewhere consider good,0,0.9975
s1gd86,Jkfl Redddit Meta Posts,mildlyinfuriating,2022-01-19T00:47:16,reddit,Sablemint,"Yeah, its only when its damage caused by accident or sheer stupidity that it should be mildly infuriating.",18,2,,yeah damage cause accident sheer stupidity mildly infuriate,0,0.8193
s1gd86,Jkfl Redddit Meta Posts,mildlyinfuriating,2022-05-09T10:59:07,reddit,Zaeobi,"Think that says something about what those people see/ deal with in their own lives, that normalises that...",18,2,,think say something people see deal life normalise,0,0.9991
s1gd86,Jkfl Redddit Meta Posts,mildlyinfuriating,2022-01-16T03:24:43,reddit,laylarosefiction,"Infuriating, heartbreaking, triggering. 

I literally feel like I need TW to scroll through what should be a joke-y subreddit about mild but annoying inconveniences. I’m getting fucking 2nd-hand trauma from this shit.",32,2,,infuriate heartbreaking trigger literally feel like need tw scroll jokey subreddit mild annoy inconvenience im get fuck 2ndhand trauma shit,0,0.805
s1gd86,Jkfl Redddit Meta Posts,mildlyinfuriating,2022-01-16T15:48:53,reddit,frogfucker6942069,"I feel like a new sub for that would be nice, something called, idk, r/abuse or something similar",18,1,,feel like new sub would nice something call idk rabuse something similar,0,0.9985
s1gd86,Jkfl Redddit Meta Posts,mildlyinfuriating,2022-01-16T17:03:07,reddit,laylarosefiction,"I do think there is value, to some degree, people posting these probably don’t realize that it is in fact abuse. But there are definitely places where it actually fits the sub.",32,2,,think value degree people post probably dont realize fact abuse definitely place actually fit sub,0,0.986
s1gd86,Jkfl Redddit Meta Posts,mildlyinfuriating,2022-05-30T00:22:34,reddit,Julian_Seizure,Yeah like stubbing your toe is mildly infuriating your dad destroying your shit is abuse.,15,1,,yeah like stub toe mildly infuriate dad destroy shit abuse,1,0.8001
s1gd86,Jkfl Redddit Meta Posts,mildlyinfuriating,2022-01-30T00:44:01,reddit,laylarosefiction,"*sigh*

People sharing posts of their family members, friends, or partners abusing *them*

Like 

**my dad threw my phone against the wall**

Or 

**My mom smashed my tv because my dogs barked this morning**

Get it?",36,2,,sigh people share post family member friend partner abuse like dad throw phone wall mom smash tv dog bark morning get,0,0.939
s1gd86,Jkfl Redddit Meta Posts,mildlyinfuriating,2022-01-31T01:43:10,reddit,secretsnackbar,"oh yes, I see.  sorry, wasn't thinking on that level.  yeah, I agree, maybe.  Although I think for the sake of documenting violence/abuse *of other people*  [i.e. evidence/proof/documentation]（not the same, I know), I think it might be important to keep the ""freedom"" of posts in place.",46,3,,oh yes see sorry not think level yeah agree maybe although think sake document violenceabuse people ie evidenceproofdocumentationnot know think might important keep freedom post place,0,0.9938
s1gd86,Jkfl Redddit Meta Posts,mildlyinfuriating,2022-01-19T05:36:40,reddit,Rokonuxa,"Man, at this point we will need specific subs to be even allowed to mention that we are on reddit.

Cannot even organize shit incase the sub admins go the darkjokes route.",32,0,,man point need specific sub even allow mention reddit not even organize shit incase sub admins go darkjokes route,0,0.997
s1gd86,Jkfl Redddit Meta Posts,mildlyinfuriating,2022-01-26T20:54:52,reddit,BJ22CS,"&gt; made it more clearly visible in the sidebar on old and new reddit.

That's a sign of good mods, ones who keep both the old and new looks updated.

Also, when did yall add the hair on the upper-right side of the screen?",44,0,,gt make clearly visible sidebar old new reddit sign good mod one keep old new look update also yall add hair upperright side screen,0,0.9988
s1gd86,Jkfl Redddit Meta Posts,mildlyinfuriating,2022-03-05T13:57:05,reddit,Aggressive-Pea5561,"I saw a post on r/askreddit and it was if you could remove one thing, what would it be? I change my answer to this guy right here.",28,0,,saw post raskreddit could remove one thing would change answer guy right,0,0.9865
s1gd86,Jkfl Redddit Meta Posts,mildlyinfuriating,2022-02-05T19:28:07,reddit,cmccormick,"Those are two separate things though, not a slippery slope. 

“The Reddit app needs improvement” won’t degrade to personal attacks. 

Banning discussion of specific users or subreddits is sensible but worrying about “site admins” disliking Reddit criticism sounds like censorship if we can’t say anything bad about “mother Reddit”.",49,0,,two separate thing though not slippery slope reddit app need improvement wont degrade personal attack ban discussion specific user subreddits sensible worry site admins dislike reddit criticism sound like censorship cant say anything bad mother reddit,0,0.965
s1gd86,Jkfl Redddit Meta Posts,mildlyinfuriating,2022-04-14T22:37:57,reddit,MCAlexisYT,"I’ve been recently followed by a scammer, told him to get out my back and blocked him. And then I got a notification for “HaRaSsMeNt”. That scammer was very likely to have tried to get me banned from all of Reddit.

And you can’t even report individual users on the mobile app!",52,0,,ive recently follow scammer tell get back block get notification harassment scammer likely try get ban reddit cant even report individual user mobile app,0,0.888
s1gd86,Jkfl Redddit Meta Posts,mildlyinfuriating,2022-04-21T11:10:04,reddit,Artsy_domme,Yes you can lol. Did you even try? You can easy google this and know what you’ve said isn’t true.,20,1,,yes lol even try easy google know youve say isnt true,0,0.996
s1gd86,Jkfl Redddit Meta Posts,mildlyinfuriating,2022-01-30T21:18:59,reddit,arootytoottoot,"ha ha ha ha     you guys  put a hair on the sidebar!  When?  I mean, it is fairly new, right?

btw i have been coming in here for years and still *still* tried to flick that little fly speck off the left side! dang it all lol",47,0,,ha ha ha ha guy put hair sidebar mean fairly new right btw come year still still try flick little fly speck left side dang lol,0,0.9974
s1gd86,Jkfl Redddit Meta Posts,mildlyinfuriating,2022-06-02T01:46:52,reddit,Sprinkles_Sparkle,"You saying Uwu was mildly infuriating for me


Thank you u/Merari01 atleast someone else gets it! lol",17,0,,say uwu mildly infuriate thank umerari01 atleast someone else get lol,0,0.9982
s1gd86,Jkfl Redddit Meta Posts,mildlyinfuriating,2022-03-04T05:11:10,reddit,South-Diamond-4522,"The first thing my kids do when they move out is get a dog.  These are the same kids who fight you tooth and nail on any dog related chores.  Walking, feeding, bathing, poop duty, etc. Also they never really wanted to give the dogs attention but any time we would visit a friend who had dogs they would constantly play with them or pet them.",66,0,,first thing kid move get dog kid fight tooth nail dog related chore walk feed bath poop duty etc also never really want give dog attention time would visit friend dog would constantly play pet,0,0.997
s1gd86,Jkfl Redddit Meta Posts,mildlyinfuriating,2022-04-26T18:11:49,reddit,tmajewski,"Wait...is the UI of this sub intentionally mildly infuriating?  That color scheme is literally awful, the worst I've ever seen.

I've only ever seen this sub pop-up as I'm scrolling I've never actually visited the page...",36,0,,waitis ui sub intentionally mildly infuriate color scheme literally awful bad ever see ever see sub popup scroll never actually visit page,0,0.8604
s1gd86,Jkfl Redddit Meta Posts,mildlyinfuriating,2022-04-28T03:36:39,reddit,msgkar03,I don’t see a different between this or any other subreddit.  Maybe because I’m mobile?  Do they still have a desktop version of Reddit these days?,26,1,,dont see different subreddit maybe im mobile still desktop version reddit day,0,0.998
s1gd86,Jkfl Redddit Meta Posts,mildlyinfuriating,2022-04-28T17:46:51,reddit,tmajewski,"Yes, it's because you're using the app.  Are you asking if the website [reddit.com](https://reddit.com) still exists? Because yes.",18,2,,yes use app ask website redditcom still exist yes,0,0.9988
1smp9uu,New Post flairs available!!,mildlyinfuriating,2026-04-24T17:33:18,reddit,Intelligent_Bit_3047,"oh wow, new flairs. groundbreaking. just what we needed to fix the terrible search function and the broken wiki. hope these flairs come with a manual cause knowing this sub you'll just add 20 and let people pick 'em wrong anyway",41,0,,oh wow new flair groundbreaking need fix terrible search function broken wiki hope flair come manual cause know sub add 20 let people pick em wrong anyway,0,0.9964
1t0gpkg,was just trying to help my driver,mildlyinfuriating,2026-05-01T06:22:14,reddit,Inverted-Rockets,"This is to counter money laundering and CC fraud. 

For money laundering, the tip would need to be closer to 400-500% of the subtotal for it to be a viable method, which I guarantee people tried before the merchant caught on.  

But then you also have to contend with drivers who might use a stolen CC to order a meal for a fake customer with a huge tip on top. All that tip is legit income unless the fraud is caught. Now, you can’t stop fraud altogether, but you can make it less profitable by tying it to a fraction of the order total.",104,1,,counter money laundering cc fraud money launder tip would need close 400500 subtotal viable method guarantee people try merchant caught also contend driver might use stolen cc order meal fake customer huge tip top tip legit income unless fraud catch cant stop fraud altogether make less profitable tie fraction order total,0,0.9839
1t0gpkg,was just trying to help my driver,mildlyinfuriating,2026-05-01T07:07:11,reddit,whitetippeddark,"About to do a batshit insane take but you know what would lower the amount of these money crimes? Eradicating poverty, raising min wage, anything that means most people aren’t so desperate as to break the law.",37,2,,batshit insane take know would lower amount money crime eradicate poverty raise min wage anything mean people arent desperate break law,0,0.8982
1t0gpkg,was just trying to help my driver,mildlyinfuriating,2026-05-01T07:13:31,reddit,ProfessionalDucky1,Yeah that's a batshit take because it does nothing to solve the immediate problem. It's like telling a victim of a robbery to go solve poverty before they file a police report.,32,3,,yeah batshit take nothing solve immediate problem like tell victim robbery go solve poverty file police report,0,0.9568
1t0gpkg,was just trying to help my driver,mildlyinfuriating,2026-05-01T07:22:35,reddit,Alternative_Tap_5527,The vindication and validation of your experience driving systemic change is so much more justice than virtually any victims currently get.,21,4,,vindication validation experience drive systemic change much justice virtually victim currently get,0,0.9969
1t0gpkg,was just trying to help my driver,mildlyinfuriating,2026-05-01T07:30:58,reddit,Funny-Cell8769,"Let's not throw female murderers and rapists in jail till we solve the long term issues of gender inequality and female oppression. 

Must be a stupid 10 year old who just learned about ""systemic inequality"" and trying to act all hardcore and shit.",43,3,,let u not throw female murderer rapist jail till solve long term issue gender inequality female oppression must stupid 10 year old learn systemic inequality try act hardcore shit,1,0.9974
1t0gpkg,was just trying to help my driver,mildlyinfuriating,2026-05-01T07:39:31,reddit,JesusAndMaryKate,"Huh, I didn't realise Madoff was struggling with poverty and the minimum wage! Wonder how the Enron people were doing on that front. Not very well either, considering how that went. They really must have been close to the breadline considering their insatiable need for illegally inflated profits!",48,3,,huh not realise madoff struggle poverty minimum wage wonder enron people front not well either consider go really must close breadline consider insatiable need illegally inflate profit,0,0.9697
1t0gpkg,was just trying to help my driver,mildlyinfuriating,2026-05-01T07:20:57,reddit,Ship_Rekt,Is this really how you think? I want to follow you around for a day to see what that’s like.,20,3,,really think want follow around day see thats like,0,0.998
1t0gpkg,was just trying to help my driver,mildlyinfuriating,2026-05-01T08:06:14,reddit,Rabid_Lederhosen,Money laundering isn’t that sort of crime. The people involved in money laundering have _plenty_ of money. Otherwise they wouldn’t be bothering to launder it.,25,3,,money launder isnt sort crime people involve money laundering plenty money otherwise wouldnt bother launder,0,0.9944
1t0gpkg,was just trying to help my driver,mildlyinfuriating,2026-05-01T03:30:03,reddit,Cosign6,"I imagine it’s a feature to prevent homies from accidentally tipping to much

But super easy to calculate I reckon lol. If your order is $18 and you tip $9.01 it would trigger

If anything, there should be an option to ignore the prompt",44,2,,imagine feature prevent homies accidentally tip much super easy calculate reckon lol order 18 tip 901 would trigger anything option ignore prompt,0,0.998
1t0gpkg,was just trying to help my driver,mildlyinfuriating,2026-05-01T03:55:50,reddit,user2196,"I think it’s mostly to prevent scams. The way it works is someone orders food with a stolen credit card and tips $100, then tells the driver “oops I meant to tip $10; how about you keep $20 and give me back $80 cash?”, but then the company and/or driver are left holding the bag when the charge gets reversed.",60,3,,think mostly prevent scam way work someone order food steal credit card tip 100 tell driver oops meant tip 10 keep 20 give back 80 cash company andor driver leave hold bag charge get reverse,0,0.9762
1t0gpkg,was just trying to help my driver,mildlyinfuriating,2026-05-01T04:08:50,reddit,JessCowgirlie,"It would be the company, as far as I'm aware. I know that DoorDash at least doesn't/can't rescind tips or pay if charges are reversed or refunded because of how the contractor system works.",34,4,,would company far aware know doordash least notcannot rescind tip pay charge reverse refund contractor system work,0,0.9973
1t0gpkg,was just trying to help my driver,mildlyinfuriating,2026-05-01T04:36:27,reddit,yoshi3243,Not new. This has been knows in the DD + Uber Eats communities for a decade &amp; drivers always complain about it.,22,5,,not new know dd uber eats community decade driver always complain,0,0.9662
1t0gpkg,was just trying to help my driver,mildlyinfuriating,2026-05-01T05:52:46,reddit,Vektor0,"Or just complaining to DoorDash that the tip was ""obviously"" a mistake, and if DoorDash refuses to refund it, do a chargeback on the whole order.",26,4,,complain doordash tip obviously mistake doordash refuse refund chargeback whole order,0,0.9047
1t0gpkg,was just trying to help my driver,mildlyinfuriating,2026-05-01T04:33:02,reddit,Pistoolio,"Or people selling other things, like drugs. Order a certain cheap item on the menu, delivery person brings a small fry and some cocaine. Delivery app wouldn’t want to have drug money passed through their system.

This is just me playing devil’s advocate though, in reality they probably don’t want a driver to get tipped to well and then take the night off, effectively removing them from the system the company needs to make money.",75,4,,people sell thing like drug order certain cheap item menu delivery person bring small fry cocaine delivery app wouldnt want drug money pass system play devils advocate though reality probably dont want driver get tip well take night effectively remove system company need make money,0,0.9514
1t0gpkg,was just trying to help my driver,mildlyinfuriating,2026-05-01T04:21:27,reddit,billypilgrimspecker,"that is why you stick to the rukes. as a driver, i am thinking about the only time I bent the rules by Venmoing a customer their change for a cash order. they tipped $10 and wanted $10 back on a twenty, and if I had had change on hand then i could've gave them a ten dollar bill. felt lucky they offered to tip via venmo bc i was supposed to have change.",74,4,,stick rukes driver think time bend rule venmoing customer change cash order tip 10 want 10 back twenty change hand couldve give ten dollar bill felt lucky offer tip via venmo bc suppose change,0,0.9985
1t0gpkg,was just trying to help my driver,mildlyinfuriating,2026-05-01T05:08:53,reddit,djhypergiant,"Its so the drivers are desperate for more money. There's a actual algorithm they use to keep people locked in the same earning bracket so they keep taking orders. I think it was something like the ""desperation index"" or something. The only scam is telling the drivers they are being fairly compensated",52,4,,driver desperate money actual algorithm use keep people lock earning bracket keep take order think something like desperation index something scam tell driver fairly compensate,0,0.9927
1t0gpkg,was just trying to help my driver,mildlyinfuriating,2026-05-01T05:51:47,reddit,Vektor0,"The source for that was some random Reddit post by an anonymous person claiming to have been a software engineer for DoorDash, and it was debunked as fake.

I wouldn't be surprised if something like that was true though.",39,5,,source random reddit post anonymous person claim software engineer doordash debunk fake would not surprise something like true though,0,0.9976
1t0gpkg,was just trying to help my driver,mildlyinfuriating,2026-05-01T04:51:50,reddit,bogglingsnog,that's a super great way to completely tank your credit score if you get caught,15,4,,super great way completely tank credit score get catch,0,0.9413
1t0gpkg,was just trying to help my driver,mildlyinfuriating,2026-05-01T05:54:06,reddit,Vektor0,"Even if you were using your own card, the aforementioned wouldn't affect your credit score at all. Wtf are you talking about.",22,5,,even use card aforementioned would not affect credit score wtf talk,0,0.9552
1t0gpkg,was just trying to help my driver,mildlyinfuriating,2026-05-01T03:51:47,reddit,SlowPrius,It’s also to prevent money laundering or using this as a loophole to get cash advances out of credit cards without paying fees.,23,3,,also prevent money laundering use loophole get cash advance credit card without pay fee,0,0.9762
1t0gpkg,was just trying to help my driver,mildlyinfuriating,2026-05-01T07:58:29,reddit,DukeOfGeek,Ya if you want to help out your driver with money.....just give them some money.,15,4,,ya want help driver moneyjust give money,0,0.9978
1t0gpkg,was just trying to help my driver,mildlyinfuriating,2026-05-01T05:01:24,reddit,Choyo,"That's in case the tips stop to be taxed in the near future : you can't allow ""people"" to pay $40 tips on a $1 burger with double fries and milkshake.",31,1,,case tip stop tax near future not allow people pay 40 tip 1 burger double fry milkshake,0,0.9972
1t0gpkg,was just trying to help my driver,mildlyinfuriating,2026-05-01T05:59:38,reddit,PopcornGlamour,"Nope. This policy has been in force for a long time. The reason for the cap is because drunk/stoned people would add super large tips and then complain about to the platforms after they sobered up.

The cap is to protect customers from possibly reckless behavior.",46,2,,nope policy force long time reason cap drunkstoned people would add super large tip complain platform sober cap protect customer possibly reckless behavior,0,0.9399
1t0gpkg,was just trying to help my driver,mildlyinfuriating,2026-05-01T07:52:10,reddit,J1mj0hns0n,They probably rejected it thinking it'll be a fraud case and a refund later down the line,17,1,,probably reject think itll fraud case refund later line,0,0.9735
1t0gpkg,was just trying to help my driver,mildlyinfuriating,2026-05-01T03:58:16,reddit,OGLikeablefellow,Yeah the thing is if you pay their workers more they won't do as much work.,16,1,,yeah thing pay worker not much work,0,0.9982
1t0gpkg,was just trying to help my driver,mildlyinfuriating,2026-05-01T03:45:45,reddit,Saitama_B_Class,WHOA WHOA WHOA we would’ve charged you more if we’d known how flush with cash you were,17,1,,whoa whoa whoa wouldve charge wed know flush cash,0,0.995
1t0gpkg,was just trying to help my driver,mildlyinfuriating,2026-05-01T04:12:06,reddit,Moonbehemoth,"You might fuck around and feed the whole WOOOOORRLLDD.  

Seriously stay out of of my biz and if you can, meet your dash or in person peeps cash. 


CASH IS KING. or certain crypto 😉",35,1,,might fuck around fee whole wooooorrlldd seriously stay biz meet dash person peep cash cash king certain crypto,0,0.9969
1t0gpkg,was just trying to help my driver,mildlyinfuriating,2026-05-01T07:08:42,reddit,NotAzakanAtAll,"I'm actually amazed they didn't just accept the 50+ top and stole whatever was over 50%. 

Given these app's track record you know?",23,1,,actually amaze not accept 50 top stole whatever 50 give apps track record know,0,0.9916
1t0gpkg,was just trying to help my driver,mildlyinfuriating,2026-05-01T02:53:23,reddit,PreviousVillage7442,Tried this before. Had two drivers eat my food before making it to the door. If you leave no tip on the app they'll think thats that. And if you leave a note they'll think you're tip baiting.,38,1,,try two driver eat food make door leave no tip app think thats leave note think tip baiting,0,0.9983
1t0gpkg,was just trying to help my driver,mildlyinfuriating,2026-05-01T03:05:51,reddit,dickpierce69,"Some drivers are just shitty. I always tip well, but I once had a driver sit my food in a bush outside of my hotel. Couldn’t even walk the thing inside. And I tipped him $20 on a $50 order.",40,2,,driver shitty always tip well driver sit food bush outside hotel couldnt even walk thing inside tip 20 50 order,1,0.7326
1t0gpkg,was just trying to help my driver,mildlyinfuriating,2026-05-01T03:21:32,reddit,Rk_1138,And then they wonder why people use those food delivery bots and Waymo. The shitty workers ruin it for the good ones,22,3,,wonder people use food delivery bot waymo shitty worker ruin good one,1,0.8751
1t0gpkg,was just trying to help my driver,mildlyinfuriating,2026-05-01T06:28:21,reddit,imadogg,"Also a tip is supposed to be based on good service, not a bribe to get someone to do their fucking job",22,4,,also tip suppose base good service not bribe get someone fucking job,0,0.9524
1t0gpkg,was just trying to help my driver,mildlyinfuriating,2026-05-01T06:38:55,reddit,dookieshoes97,"It's how the system works. Don't blame us. 

Also, it's a tiered system. Im platinum, so best service. I dont see no tip orders, normally. Your no tip orders go to the worst drivers.",34,5,,system work not blame u also tiered system im platinum best service dont see no tip order normally no tip order go bad driver,0,0.9835
1t0gpkg,was just trying to help my driver,mildlyinfuriating,2026-05-01T07:04:44,reddit,imadogg,"&gt;It's how the system works. Don't blame us.

Not the fault of drivers trying to make a living... I guess besides the ones that don't do their job without a preset tip

In the end all I can do is not support the system and hope it fails",48,6,,gtit system work not blame u not fault driver try make living guess besides one not job without preset tip end not support system hope fail,0,0.9961
1t0gpkg,was just trying to help my driver,mildlyinfuriating,2026-05-01T04:26:43,reddit,FailedGradAdmissions,"Same shit happened to me a couple of times, I tip extremely well, usually 40-50% of the order cost. I worked full-time retail in college, I get the struggle. But delivery drivers are shitty.

So now I never ask for delivery, I drive myself and pick the shit up.",49,3,,shit happen couple time tip extremely well usually 4050 order cost work fulltime retail college get struggle delivery driver shitty never ask delivery drive pick shit,0,0.727
1t0gpkg,was just trying to help my driver,mildlyinfuriating,2026-05-01T02:59:01,reddit,Seanpawn,"Tipbaiting is where you go ""oh if you do xyz I'll increase your tip"" or ""oh I have a cash tip for you."" Then you don't follow through as a means to motivate your delivery driver to work harder or whatever",41,3,,tipbaiting go oh xyz increase tip oh cash tip not follow mean motivate delivery driver work harder whatever,0,0.9963
1t0gpkg,was just trying to help my driver,mildlyinfuriating,2026-05-01T03:01:09,reddit,LughCrow,"Or on apps like Uber adding a large tip then removing it after the food is delivered. Uber gives you up to an hour to do this with a button press but you can do it up to 24hrs later by calling.

The second option can even put the Uber drivers account negative if they already transfered the money to their bank",62,4,,apps like uber add large tip remove food deliver uber give hour button press 24hrs later call second option even put uber driver account negative already transfer money bank,0,0.997
1t0gpkg,was just trying to help my driver,mildlyinfuriating,2026-05-01T03:17:55,reddit,1oonatic,Do they still do this? I've tipped before and within a couple minutes decides to add more and noticed it's no longer an option to reduce it (I've never reduced it before so it can't just be for me).,39,5,,still tip within couple minute decide add notice no longer option reduce never reduce not,0,0.9976
1t0gpkg,was just trying to help my driver,mildlyinfuriating,2026-05-01T03:44:16,reddit,LughCrow,"They may have made it harder to do in app. I'm not dumb or rich enough to use the app, but my friend who drives for them just had it happen so the call in still works",37,6,,may make hard app not dumb rich enough use app friend drive happen call still work,0,0.9872
1t0gpkg,was just trying to help my driver,mildlyinfuriating,2026-05-01T04:57:04,reddit,ilmalocchio,"I mean, sometimes you need to reduce or remove the tip. Personally, I always assume the best and put a nice tip in at the beginning, but then sometimes I'm surprised by the terrible outcomes I can get in spite of it.",42,7,,mean sometimes need reduce remove tip personally always assume best put nice tip beginning sometimes surprise terrible outcome get spite,0,0.9523
