post_id,post_title,subreddit,timestamp,platform,user_id,text,word_count,depth,label
1sbv676,"Key Details Trump Accuser, 13, Told FBI Were Censored From Epstein Files",politics,2026-04-04T00:51:34,reddit,AutoModerator,"**As a reminder, this subreddit [is for civil discussion](https://www.reddit.com/r/politics/wiki/index#wiki_the_rules_of_.2Fr.2Fpolitics.3A).**

In general, please be courteous to others. Argue the merits of ideas, don't attack other posters or commenters. Hate speech, any suggestion or support of physical harm, or other rule violations can result in a temporary or a permanent ban. If you see comments in violation of our rules, please report them.

**Sub-thread Information**

If the post flair on this post indicates the wrong paywall status, please report this Automoderator comment with a custom report of “incorrect flair”. 

**Announcement**

r/Politics is actively looking for new moderators. If you have an interest in helping to make this subreddit a place for quality discussion, please fill out [this form](https://sh.reddit.com/r/politics/application).
 

***


*I am a bot, and this action was performed automatically. Please [contact the moderators of this subreddit](/message/compose/?to=/r/politics) if you have any questions or concerns.*",141,0,
1sbv676,"Key Details Trump Accuser, 13, Told FBI Were Censored From Epstein Files",politics,2026-04-04T02:21:09,reddit,Juicecalculator,He is exposed.  There is enough evidence to put him and everyone involved away for life.,16,1,
1sbv676,"Key Details Trump Accuser, 13, Told FBI Were Censored From Epstein Files",politics,2026-04-04T03:10:14,reddit,LochNessMansterLives,"And yet, nobody is doing anything but a few judges here and there. Where is the democratic leadership? Where are the calls of condemnation?! He’s ruining everything and we’re just standing around telling the guy next to us to call for help. It must have to hurt the average American a lot more for them to bother standing up. For ourselves.",61,2,
1sbv676,"Key Details Trump Accuser, 13, Told FBI Were Censored From Epstein Files",politics,2026-04-04T10:13:14,reddit,Church_of_Aaargh,Everybody is scared of the bullies and what they might get their zombie army to do to you and your family. It’s true 30s Germany.,25,3,
1sbv676,"Key Details Trump Accuser, 13, Told FBI Were Censored From Epstein Files",politics,2026-04-04T08:40:33,reddit,SoberButterfly,"I say it all the time: at this point our main obstacle is the Dems, because we need them to act against the Republicans. 

It’s entirely their ball to drop, and boy do they know how to drop a ball.",40,3,
1sbv676,"Key Details Trump Accuser, 13, Told FBI Were Censored From Epstein Files",politics,2026-04-04T09:07:46,reddit,Star_Denizen,"&gt; for life. 

Even if trump was arrested, tried, convicted, and jailed today he would spend less time in prison than some people have for Marijuana charges",27,2,
1sbv676,"Key Details Trump Accuser, 13, Told FBI Were Censored From Epstein Files",politics,2026-04-04T09:55:38,reddit,Blackthorn79,It's ridiculous that we have more evidence known to the public than we did with Michael Jackson and there are people who still act like nothing is going on.,29,2,
1sbv676,"Key Details Trump Accuser, 13, Told FBI Were Censored From Epstein Files",politics,2026-04-04T01:34:48,reddit,Raiden29o9,If trump was any more exposed….. he would be exposing himself during a national address and none of us want that(except some of the more hard core MAGA),28,2,
1sbv676,"Key Details Trump Accuser, 13, Told FBI Were Censored From Epstein Files",politics,2026-04-04T05:53:53,reddit,xtothewhy,"Well, he was originally very anti trump but that changed around the time they first golfed together. Literally. No lie.",20,4,
1sbv676,"Key Details Trump Accuser, 13, Told FBI Were Censored From Epstein Files",politics,2026-04-04T05:33:15,reddit,Uvtha-,"I know those ""I don't care if he's a pedo"" wearing maga people fakes are going around but... do we really put it past them?",25,2,
1sbv676,"Key Details Trump Accuser, 13, Told FBI Were Censored From Epstein Files",politics,2026-04-04T07:06:24,reddit,Thorebore,It’s going to be just like Jimmy Savile.  Once he’s dead it will all come out and everyone will pretend like they had no idea and a lot of people will claim they never supported him.,36,1,
1sbv676,"Key Details Trump Accuser, 13, Told FBI Were Censored From Epstein Files",politics,2026-04-04T04:43:47,reddit,3BlindMice1,"He's been exposed for like 10+ years, more if you were in the know. Everyone has known for a while now that's he's a pedophile and it's only now that he's dying that anything is actually happening",37,1,
1sbv676,"Key Details Trump Accuser, 13, Told FBI Were Censored From Epstein Files",politics,2026-04-04T04:10:36,reddit,Gay_Giraffe_1773,"It won't matter. His cult believes none of us regardless of the evidence. A video of him raw dogging a 12 year old in the ass while screaming ""I'm DONALD TRUMP!"" could be released and they'd call him a ""based Chad"" or something.",43,1,
1sbv676,"Key Details Trump Accuser, 13, Told FBI Were Censored From Epstein Files",politics,2026-04-04T05:19:55,reddit,Goku420overlord,Maybe in 10 20 years from now. Fucking dude could be found out to be the literal devil and nothing would happen,22,1,
1sbv676,"Key Details Trump Accuser, 13, Told FBI Were Censored From Epstein Files",politics,2026-04-04T06:51:06,reddit,Tired-Millennial847,Which will change absolutely nothing. His cult doesn't care and his personal lawyer runs the DOJ. Everyone that will ever believe he's a pedophile already does.,26,1,
1sbv676,"Key Details Trump Accuser, 13, Told FBI Were Censored From Epstein Files",politics,2026-04-04T01:59:41,reddit,specqq,Do you mean “exposed” in the way that Spartan parents used to abandon the infants they thought were too weak to make good Spartans?,24,1,
1sbv676,"Key Details Trump Accuser, 13, Told FBI Were Censored From Epstein Files",politics,2026-04-04T05:15:26,reddit,Matt_cruze,I dont think Trump likes South Park very much at the moment. If they bent the knee he might be singing Blame Canada!,23,4,
1sbv676,"Key Details Trump Accuser, 13, Told FBI Were Censored From Epstein Files",politics,2026-04-04T05:58:51,reddit,relevantnewman,"WDYM??- we literally border Canada already.  Greenland was moreso a natural resources play, not a touchpoint to reach eastern Canada lmao",21,5,
1sbv676,"Key Details Trump Accuser, 13, Told FBI Were Censored From Epstein Files",politics,2026-04-04T09:11:59,reddit,davidkozin,"Where is the Canadian Airport that served to landing many of the flights stuck in the air during 9/11, essentially a town that doubled in size just with the passengers? It was an epic mobilization, treated them like family. 

Just Canada being amazing with no need for fanfare. 

That doesn’t count for anything to Trump, but if you named the airport after him he might eliminate  tariffs with Canada completely.",70,6,
1sbv676,"Key Details Trump Accuser, 13, Told FBI Were Censored From Epstein Files",politics,2026-04-04T05:16:06,reddit,_0611,If that happens - and it might - then every European country (besides Hungary) would see the US as a threat and an enemy. Maybe even the biggest one.,29,3,
1sbv676,"Key Details Trump Accuser, 13, Told FBI Were Censored From Epstein Files",politics,2026-04-04T05:13:49,reddit,00DEADBEEF,You don’t request a budget increase to $1.5tn if your plan is to bomb Cuba,15,2,
1sbv676,"Key Details Trump Accuser, 13, Told FBI Were Censored From Epstein Files",politics,2026-04-04T05:15:48,reddit,PapayaMysterious6393,I'm implying they'll rig it. Just like he won *all* of the swing states. Every single one.,17,5,
1sbv676,"Key Details Trump Accuser, 13, Told FBI Were Censored From Epstein Files",politics,2026-04-04T05:24:22,reddit,Interesting-Nerve646,Idk if he rigged the swing states but it'd be a lot harder to rig a giant state like California that hates his guts. I do think he'll try to steal the election some other way,36,6,
1sbv676,"Key Details Trump Accuser, 13, Told FBI Were Censored From Epstein Files",politics,2026-04-04T07:41:52,reddit,HauntedCemetery,"That depends if cali dems can get their shit together. They have a jungle primary and the top 2 candidates get on the ballot for governor. Currently the top 2 in polling are both Republicans, because there are like a dozen dems running and they all refuse to step down and consolidate.",52,5,
1sbv676,"Key Details Trump Accuser, 13, Told FBI Were Censored From Epstein Files",politics,2026-04-04T07:43:06,reddit,Interesting-Nerve646,"I promise you no conservative is winning the California governor election. People here hate trump, now more than ever",19,6,
1sbv676,"Key Details Trump Accuser, 13, Told FBI Were Censored From Epstein Files",politics,2026-04-04T08:48:38,reddit,Interesting-Nerve646,"Agreed, and I think Arnold isn't crazy enough to be a modern day conservative anyway lol",16,8,
1sbv676,"Key Details Trump Accuser, 13, Told FBI Were Censored From Epstein Files",politics,2026-04-04T08:52:30,reddit,ryouba,"100%, he's had videos come out condemning DJT's actions.  One notable one I remember was from the J6 attempted coup.",20,9,
1sbv676,"Key Details Trump Accuser, 13, Told FBI Were Censored From Epstein Files",politics,2026-04-04T08:37:43,reddit,RageAgainstMSTeams,"Now now, Trump doesnt always attack foreign countries to avert attention. He can also throw some stooge under a bus as distraction.",22,1,
1sbv676,"Key Details Trump Accuser, 13, Told FBI Were Censored From Epstein Files",politics,2026-04-04T06:47:53,reddit,1PickNick,I’m sure you don’t realize the impact that threat has had on your longest and closest former allies.,18,2,
1sbv676,"Key Details Trump Accuser, 13, Told FBI Were Censored From Epstein Files",politics,2026-04-04T10:56:54,reddit,Zeitcon,"You can try, but if you think that the gas price is your biggest worry, then wait and see what happens when we start threatening to dump US Treasury Bonds.",30,2,
1sbv676,"Key Details Trump Accuser, 13, Told FBI Were Censored From Epstein Files",politics,2026-04-04T05:08:26,reddit,Key-Stable4252,"sounds like enabling  and youre defending the abusers

crit·i·cism
1.
the expression of disapproval of someone or something based on perceived faults or mistakes.
""he received a lot of criticism""

2.
the analysis and judgment of the merits and faults of a literary or artistic work.
""alternative methods of criticism supported by well-developed literary theories""

yall just offering suggestions to hurt others? look at how society has been rotting due to people making sick jokes''for the lolz'' instead of using language to oppose and dismantle/stop the nonsense",87,3,
1sbv676,"Key Details Trump Accuser, 13, Told FBI Were Censored From Epstein Files",politics,2026-04-04T07:44:49,reddit,HauntedCemetery,"You seriously just stretched a criticism into somehow being pro trump


Talk about bad jokes.",15,4,
1sbv676,"Key Details Trump Accuser, 13, Told FBI Were Censored From Epstein Files",politics,2026-04-04T06:34:34,reddit,mildcaseofdeath,"So when I was deployed and getting attacked with IEDs multiple times a week, and I joked about making a parody Mentos commercial where an insurgent can't get his detonator circuit to work, but he pops a Mento and inspiration strikes, and he starts taking apart a Walkman for parts and gets the circuit working, and when he mugs to the camera holding the pack of Mentos we hear an explosion off-screen, and when the voiceover says ""Mentos, the freshmaker"" then out of focus in the background a HMMWV rolls through the frame on fire...

...that would have been disgusting to you?",102,2,
1sbv676,"Key Details Trump Accuser, 13, Told FBI Were Censored From Epstein Files",politics,2026-04-04T03:58:37,reddit,Capt_Dummy,"I can step out on my front porch and point to all of their houses, unfortunately…",16,1,
1sbv676,"Key Details Trump Accuser, 13, Told FBI Were Censored From Epstein Files",politics,2026-04-04T01:23:19,reddit,AreYouDoneNow,Amusingly Blanche has already indicated an intention to commit crimes and breach the law requiring him to release the unredacted files and the remaining files they are sitting on illegally.,30,0,
1sbv676,"Key Details Trump Accuser, 13, Told FBI Were Censored From Epstein Files",politics,2026-04-04T02:22:04,reddit,HowManyEggs2Many,"“Well, technically he’s the *ACTING* Attorney General, not the Attorney General, so that law doesn’t apply to him. Please go ahead and sue us so we can drag it out in court for the next 3 years.” - DJT’s crackshot team of lawyers",43,1,
1sbv676,"Key Details Trump Accuser, 13, Told FBI Were Censored From Epstein Files",politics,2026-04-04T05:17:11,reddit,IwasThereIsawIt2,And im *acting* surprised when all the documents relating epsteing are shredded because he's a pedophile's lawyer,17,2,
1sbv676,"Key Details Trump Accuser, 13, Told FBI Were Censored From Epstein Files",politics,2026-04-04T02:02:29,reddit,100farts,"We all know the president is a child rapist, why is nothing being done by the people whos job it is to do something about it.",26,0,
1sbv676,"Key Details Trump Accuser, 13, Told FBI Were Censored From Epstein Files",politics,2026-04-04T04:54:15,reddit,ibuprophane,"I have the same questions as you do. 

If I’m honest, I don’t think there will be any accountability. 

Another commenter said it’s because the ones who would be in a position to bring justice are sold out to “money and power”. 

I don’t think that’s the only issue. 

I think it’s just because bringing powerful people to justice is a lot more work than anyone is willing to put in, it can have life threatening consequences and requires ideological motivation.",81,2,
1sbv676,"Key Details Trump Accuser, 13, Told FBI Were Censored From Epstein Files",politics,2026-04-04T07:36:57,reddit,tmountain,"The Republicans went “all in” on MAGA. Trump is their standard bearer, patrimonial father, their supreme leader, and now their God. Attacking him would be like attacking Christ himself. The Democrats are lame ducks at the moment, and if they do regain power, and that’s a big IF in a competitive authoritarian election, they are going to have their work cut out for them across an almost infinite number of problems to address. It’s why “flood the zone” is so effective. I do think that this is so egregious that it should sit at the very top of the list (above the economy and even the war). He must be brought to justice while he’s alive. We will see.",119,3,
1sbv676,"Key Details Trump Accuser, 13, Told FBI Were Censored From Epstein Files",politics,2026-04-04T08:20:21,reddit,DisappointedSpectre,"If accountability and justice were ever going to happen, it would have been when this shit was reported - years and years ago.

That should tell you who else is complicit in all this, and how long they've been deliberately avoiding carrying out justice.",44,2,
1sbv676,"Key Details Trump Accuser, 13, Told FBI Were Censored From Epstein Files",politics,2026-04-04T02:16:55,reddit,100farts,I know its obvious but it just seems like it sometimes needs to be plainly stated. It really feels like the government hates us and everyone else. Fuck these assholes.,30,2,
1sbv676,"Key Details Trump Accuser, 13, Told FBI Were Censored From Epstein Files",politics,2026-04-04T07:47:42,reddit,HauntedCemetery,Because the American people entirely removed the only people willing to do anything about it from federal power and are now hating on them for not fixing our problems despite having literally no federal power.,35,1,
1sbv676,"Key Details Trump Accuser, 13, Told FBI Were Censored From Epstein Files",politics,2026-04-04T05:25:40,reddit,Naive_Confidence7297,"I mean, it’s documented in the court that he is an adjudicated rapist. Also convicted for 37 felonies.

America: thats my man!!! I’m going to vote him as president 🤪

Batshit insanity",32,1,
1sbv676,"Key Details Trump Accuser, 13, Told FBI Were Censored From Epstein Files",politics,2026-04-04T03:57:36,reddit,iGlutton,"Considering they redacted the word Dont on multiple pages, its pretty clear theyre protecting a famous politician who's first name and first letter of their last name spell that word.",30,1,
1sbv676,"Key Details Trump Accuser, 13, Told FBI Were Censored From Epstein Files",politics,2026-04-04T06:53:41,reddit,assignpseudonym,"Kinda poetic though, that a rapist's name would literally spell ""don't"". If this were in a movie, it'd be too on the nose, yet here we are. 


Honestly, if the last 10 years of American politics was in a movie, I'd be rolling my eyes at how ridiculous it would be that we, the audience, are expected to believe that anyone would vote for a dude with ZERO political career as president, and certainly not for a second term after being a 37x convicted felon, fraud, and known child rapist. 


In the same cinematic universe where Bill Clinton was cancelled over a blowjob between two consenting adults? I don't think so. 0/10 for believability.",114,2,
1sbv676,"Key Details Trump Accuser, 13, Told FBI Were Censored From Epstein Files",politics,2026-04-04T05:25:54,reddit,iGlutton,"Like its clear they redacted ""Dont"", which has no business being redacted in any context unless they were flagging Don T in a hasty attempt to scrub his name.",29,3,
1sbv676,"Key Details Trump Accuser, 13, Told FBI Were Censored From Epstein Files",politics,2026-04-04T06:06:03,reddit,FormerGameDev,"Yes. There are places where ""don't"" and sentences ending in ""don."" and the next sentence starting with a ""T"" have been redacted.  I do not have links to them handy on this computer, but I'm sure some deft search work would find them, or someone will show up eventually with a link or three.",54,3,
1sbv676,"Key Details Trump Accuser, 13, Told FBI Were Censored From Epstein Files",politics,2026-04-04T02:27:16,reddit,HowManyEggs2Many,"Not that it changes much, but it isn’t a child’s testimony, the woman was a fully grown adult when she met with the FBI. These interviews were in 2019 for an event that happened in 1984.",36,1,
1sbv676,"Key Details Trump Accuser, 13, Told FBI Were Censored From Epstein Files",politics,2026-04-04T03:02:51,reddit,HeWasNumberJuann,"While sickening nonetheless, this is the testimony of that victim from when she was a child, not at the time of the event when she was a child.",28,1,
1sbv676,"Key Details Trump Accuser, 13, Told FBI Were Censored From Epstein Files",politics,2026-04-04T10:21:10,reddit,MistakeHuge2955,"It won't they aren't planning to leave. As a matter of fact they're doing everything in their power to make sure they don't leave. I feel bad for you Americans but it's going to I have to be a violent overthrow. And they'll see you coming a mile away because all of that social media opinion that you post online has put you in a database. Right now they use that list to try to deny your vote, and in the future they'll use that list to deny you government services, deny you the right to travel and eventually round you up if you keep up your opinion.",108,1,
1sbv676,"Key Details Trump Accuser, 13, Told FBI Were Censored From Epstein Files",politics,2026-04-04T02:07:13,reddit,RoseSnacc,They censored a 13-year-old’s testimony to protect powerful men. That’s not justice. That’s a cover up.,16,0,
1sbv676,"Key Details Trump Accuser, 13, Told FBI Were Censored From Epstein Files",politics,2026-04-04T02:28:07,reddit,HowManyEggs2Many,"The woman wasn’t 13 when she gave this testimony, but your point is still valid. She gave testimony in 2019 for an incident twenty five years earlier in 1984.",29,1,
1sbv676,"Key Details Trump Accuser, 13, Told FBI Were Censored From Epstein Files",politics,2026-04-04T02:01:13,reddit,SarcasticlySpeaking,Hmm. I'm starting to think that who ever this Trump guy is might be a child rapist. /s,18,0,
1sbv676,"Key Details Trump Accuser, 13, Told FBI Were Censored From Epstein Files",politics,2026-04-04T01:35:42,reddit,Simple-Fault-9255,Don't worry the DOJ has assured me they'll kill more kids in the middle east instead of raping them this time.,21,0,
1sbv676,"Key Details Trump Accuser, 13, Told FBI Were Censored From Epstein Files",politics,2026-04-04T03:28:56,reddit,Scary_Relation_996,"The pending question is still, does the republican party care? I like to be honest with my deliberations. As far as I can tell, the republican party does not care if the president is the worst human to ever live. That's fine with them as long as he makes it slightly less uncomfortable to be secretly racist. That's my honest take on the modern republican party. They will over look anything if it means the cultural direction of the country makes it not so bad to be just a little bit racist.",92,0,
1sbv676,"Key Details Trump Accuser, 13, Told FBI Were Censored From Epstein Files",politics,2026-04-04T03:51:20,reddit,agitatedprisoner,"If you'd get to pathologizing people for their politics from my POV most everyone is insane or evil (take your pick) given their stubborn support for factory farming.  When bacon means pigs being lowered into CO2 pits screaming in agony and people would choose to ignore that cruelty when they go to decide what to buy what else is there to think?  Everybody points the finger at other people pathologizing others' politics yet when it comes to actionable demands on their own behavior to respect others' inalienable rights... crickets.  Downvotes and crickets.  Maybe most everyone is evil or insane and this is what that looks like.  Welcome to hell and you're no better.  Not so far as those animals are concerned, when they're to keep getting the gas chamber either way.  An issue not even on our national political radar.  Despite it being a pandemic risk.  Mysterious...",147,1,
1sbv676,"Key Details Trump Accuser, 13, Told FBI Were Censored From Epstein Files",politics,2026-04-04T06:26:33,reddit,agitatedprisoner,You don't find yourself wondering what other people could be thinking?  Seems everybody's pathologizing everybody these days.  Nothing new for anyone who'd get to wondering how reality in the big picture sense might be other than a nightmare for pretty much everybody.  Why should anyone matter?  Why shouldn't everyone matter?  Why shouldn't those animals matter?  Why should humans insist on making their lives a nightmare?  You think it's pointless to wonder what we'd insist others' suffer?  And what we'd force others to suffer for?,84,3,
1sbv676,"Key Details Trump Accuser, 13, Told FBI Were Censored From Epstein Files",politics,2026-04-04T01:58:24,reddit,SarcasticlySpeaking,Pretty sure the mods in this sub don't appreciate Trump being called a r@pist. Just saying.,16,0,
1sbv676,"Key Details Trump Accuser, 13, Told FBI Were Censored From Epstein Files",politics,2026-04-04T02:03:29,reddit,B-Z_B-S,"The mods in this sub tend to enforce the rules rather fairly, in my experience. I have called Donald Trump a rapist a lot before and they have never removed those comments. Also, this isn't YouTube. You don't have to censor words. (You probably should edit out the email link in your comment, though. Just in case. They might not like that.)

(Edit: Sorry if I am a bit abrasive; I am a bit stressed right now.)",77,1,
1sbv676,"Key Details Trump Accuser, 13, Told FBI Were Censored From Epstein Files",politics,2026-04-04T02:12:44,reddit,SarcasticlySpeaking,"You're fine, pretty sure the mod bot flagged me for having to many repetitive letters in my original post and when I asked the mod what I did to have my comment removed instead of answering me the mod was just an ass.

And no you're not abrasive lol, stress is the baseline at this point.",56,2,
1sbv676,"Key Details Trump Accuser, 13, Told FBI Were Censored From Epstein Files",politics,2026-04-04T01:24:12,reddit,AreYouDoneNow,Cuba is the next distraction from Iran which is a failed distraction from Trump and the way he raped children.,20,1,
1sbv676,"Key Details Trump Accuser, 13, Told FBI Were Censored From Epstein Files",politics,2026-04-04T01:18:53,reddit,Radiant-Vegetable420,Demented Trump is one of the most pathetic excuse for a human being that the USA has ever produced. And the people in his admin who are elder abusing him are just as pathetic.,34,0,
1sbv676,"Key Details Trump Accuser, 13, Told FBI Were Censored From Epstein Files",politics,2026-04-04T01:51:37,reddit,andyraylan,"Remember all of the Fox hosts screaming about how Biden was a victim of elder abuse because he was suffering from mental decline and his people allowed him to continue working. I think Sean Duffy’s wife had some very strong opinions on this is issue, as it applies to Biden. But sure, Trump is sharp as ever.",57,1,
1sbv676,"Key Details Trump Accuser, 13, Told FBI Were Censored From Epstein Files",politics,2026-04-04T04:25:01,reddit,ChapterChoice4873,"Well, she's being abused as a baby making machine so I guess that's why she doesn't care.",17,2,
1sbv676,"Key Details Trump Accuser, 13, Told FBI Were Censored From Epstein Files",politics,2026-04-04T01:33:02,reddit,NiZZiM,Not surprised. Cant wait til we learn the whole truth. I dunno if a dem fed would even give it cause they’d have to give the entirety of it and it seems like freaking everyone is implicated. I just want a gov of normal people before I die. Ppl that take no money from outside influence and just care about America. Just freaking once can we see what it’s like to invest in us.,74,0,
1sbv676,"Key Details Trump Accuser, 13, Told FBI Were Censored From Epstein Files",politics,2026-04-04T05:07:44,reddit,Ok_Highlight1644,"Buddy, he raped kids. We know. It’s been known. Time for action, not to keep talking over and over about “wow, THIS new thing proves it!” It got proved six reveals ago. We’re done. We know where he lives.",39,0,
1sbv676,"Key Details Trump Accuser, 13, Told FBI Were Censored From Epstein Files",politics,2026-04-04T05:08:29,reddit,Chemical-Fault-7331,"This just really paints the clearest of pictures that this is not a nation where laws are applied equally. Justice is not blind. The rich and political elite get to play by a different set of rules than the rest of us. This country is for sale to the highest bidder. Let's just let it collapse, balkanize the states, and start over. It's just way too corrupt to the point where it can't be fixed or redeemed. The rot is systemic at this point.",84,0,
1sbz5qx,"/r/WorldNews Live Thread: Russian Invasion of Ukraine Day 1500, Part 1 (Thread #1647)",worldnews,2026-04-04T11:12:00,reddit,Redragontoughstreet,"❗️🇺🇦Ukrainian military personnel from the Unmanned Systems Forces struck 🇷🇺Russian targets with powerful attacks overnight on April 4.

A multi-functional S-400 “Triumph” air defense radar was destroyed in Feodosia, a Tor air defense system near Zachativka (Donetsk region),

https://bsky.app/profile/militarynewsua.bsky.social/post/3minqiq25nk25

Russia had a really bad night.",45,0,
1sbz5qx,"/r/WorldNews Live Thread: Russian Invasion of Ukraine Day 1500, Part 1 (Thread #1647)",worldnews,2026-04-04T08:54:23,reddit,derjarjarbinks,"Strikes on russian air defense  
[https://bsky.app/profile/specialkhersoncat.bsky.social/post/3mintbztog22z](https://bsky.app/profile/specialkhersoncat.bsky.social/post/3mintbztog22z)

News about targets hit in russia with drones last night  
[https://bsky.app/profile/wartranslated.bsky.social/post/3minr5xt5e22k](https://bsky.app/profile/wartranslated.bsky.social/post/3minr5xt5e22k)

These are the indicative estimates of Russia’s combat losses as of April 4, according to the Armed Forces of Ukraine.  
[https://bsky.app/profile/kyivindependent.com/post/3minpxjevrc2b](https://bsky.app/profile/kyivindependent.com/post/3minpxjevrc2b)

More news ukraine countering russia in africa  
[https://bsky.app/profile/noelreports.com/post/3minhzsokvc2i](https://bsky.app/profile/noelreports.com/post/3minhzsokvc2i)

Russian terrorist attacks on Dnipro,  
[https://bsky.app/profile/noelreports.com/post/3minhvtof6k2i](https://bsky.app/profile/noelreports.com/post/3minhvtof6k2i)

New ISW report, only a small Ukranian advance, what I see are only UA advances last 2 weeks and nearly no russian, good news  
[https://bsky.app/profile/thestudyofwar.bsky.social/post/3mimvijhzzr2z](https://bsky.app/profile/thestudyofwar.bsky.social/post/3mimvijhzzr2z)",77,0,
1sbz5qx,"/r/WorldNews Live Thread: Russian Invasion of Ukraine Day 1500, Part 1 (Thread #1647)",worldnews,2026-04-04T10:41:36,reddit,varro-reatinus,"DW had an interesting little report yesterday about how Ukraine are prioritising certain, incremental gains, and may be deliberately underreporting the amount of territory they're retaking: partly as a counter to Russia's pattern of lying about taking territory they don't even begin to control, partly for safety, and partly to manage expectations. There's also a fairly strong chance that if they suddenly announced large gains, Trump would try to kneecap them.",71,1,
1sbz5qx,"/r/WorldNews Live Thread: Russian Invasion of Ukraine Day 1500, Part 1 (Thread #1647)",worldnews,2026-04-04T10:06:41,reddit,troglydot,"&gt;• S-400 radar in Feodosia, Crimea;• Tor air defense system near Zachatkivka, Donetsk region;• ZU-23-2 air defense system near Lozivskyi, Luhansk region


Great list of targets!",26,1,
1sbz5qx,"/r/WorldNews Live Thread: Russian Invasion of Ukraine Day 1500, Part 1 (Thread #1647)",worldnews,2026-04-04T06:34:20,reddit,Jay_CD,"Russia has lost 1,110 soldiers killed and wounded, 85 artillery systems and 199 vehicles and fuel tankers over the past day

**Source:** [Russian losses over past day: 1,110 soldiers killed and wounded | Ukrainska Pravda](https://www.pravda.com.ua/eng/news/2026/04/04/8028711/)

**Details:** The total combat losses of the Russian forces between 24 February 2022 and 4 April 2026 are estimated to be as follows \[figures in parentheses represent the latest losses – ed.\]:

* approximately 1,302,370 **(+1,110)** military personnel
* 11,835 **(+2)** tanks
* 24,344 **(+4)** armoured combat vehicles
* 39,378 **(+85)** artillery systems
* 1,716 **(+3)** multiple-launch rocket systems
* 1,338 (+0) air defence systems
* 435 (+0) fixed-wing aircraft
* 350 (+0) helicopters
* 217,016 **(+2,387)** operational-tactical UAVs
* 4,517 **(+26)** cruise missiles
* 33 (+0) ships/boats
* 2 (+0) submarines
* 87,149 **(+199)** vehicles and fuel tankers
* 4,109 (+0) special vehicles and other equipment.

The information is being confirmed.",147,0,
1sbz5qx,"/r/WorldNews Live Thread: Russian Invasion of Ukraine Day 1500, Part 1 (Thread #1647)",worldnews,2026-04-04T06:17:20,reddit,Amazing_Athlete_2265,Some days had extra threads at the start. Putin can get fucked on those days too.,16,2,
1sbz5qx,"/r/WorldNews Live Thread: Russian Invasion of Ukraine Day 1500, Part 1 (Thread #1647)",worldnews,2026-04-04T05:59:04,reddit,vshark29,"Unlike Russia, the US still has, for now, a functional democracy that votes incompetent, deranged and/or sadistic leadership out. Emphasis on the ""for now""",24,1,
1sbz5qx,"/r/WorldNews Live Thread: Russian Invasion of Ukraine Day 1500, Part 1 (Thread #1647)",worldnews,2026-04-04T10:01:06,reddit,PrrrromotionGiven1,"What's the use, if they vote them back in again later and the dismantling of institutions continues?",17,2,
1sbz5qx,"/r/WorldNews Live Thread: Russian Invasion of Ukraine Day 1500, Part 1 (Thread #1647)",worldnews,2026-04-04T09:19:45,reddit,machopsychologist,Some quote about how the US eventually makes the right decision after a bunch of absolute dog shit ones.,19,2,
1sbz5qx,"/r/WorldNews Live Thread: Russian Invasion of Ukraine Day 1500, Part 1 (Thread #1647)",worldnews,2026-04-04T08:20:50,reddit,Corodix,"&gt; the US still has, for now, a ~~functional~~ dysfunctional democracy that votes incompetent, deranged and/or sadistic leadership ~~out~~ in

Fixed that for you.",24,2,
1sbz5qx,"/r/WorldNews Live Thread: Russian Invasion of Ukraine Day 1500, Part 1 (Thread #1647)",worldnews,2026-04-04T06:41:40,reddit,Synthetic_Kalkite,"Really? It is my understanding that the US has voted an incompetent, deranged and/or sadistic POTUS in for the second time already. When do they begin voting such creatures out?",30,2,
1sbz5qx,"/r/WorldNews Live Thread: Russian Invasion of Ukraine Day 1500, Part 1 (Thread #1647)",worldnews,2026-04-04T07:42:11,reddit,MuryGoatsBaldPatch,"They did once before. They vote people like that out all the time in lower positions of government. And they vote differently again.

Mostly it's just asinine to pretend the USA is the same as Russia, and it's not a helpful framework at all.",44,3,
1sbz5qx,"/r/WorldNews Live Thread: Russian Invasion of Ukraine Day 1500, Part 1 (Thread #1647)",worldnews,2026-04-04T07:59:10,reddit,Synthetic_Kalkite,I’ll start applying a more ”helpful framework” once the leader of the US (who wields a shit ton of exec power) is no longer an agent of Russia purposefully dismantling the European security infrastructure and dragging the world into idiotic wars,41,4,
1sbz5qx,"/r/WorldNews Live Thread: Russian Invasion of Ukraine Day 1500, Part 1 (Thread #1647)",worldnews,2026-04-04T05:54:55,reddit,Canop,"I suspect that's the case for many of the followers who stick to the thread, who are the ones who follow the news, knew there was going to be a war before it was launched, and know why it matters.",40,1,
1s90vmg,/r/WorldNews Discussion Thread: US and Israel launch attack on Iran; Iran retaliates (Thread #12),worldnews,2026-04-04T11:22:42,reddit,johnnygrant,"[older article but concise](https://www.theatlantic.com/ideas/2026/03/trump-iran-war-allies/686423/?gift=hVZeG3M9DnxL4CekrWGK3wsM-mNGvnN32f98z3zNons&amp;utm_source=copy-link&amp;utm_medium=social&amp;utm_campaign=share) as to why no traditional ally is going to stick their neck out for Trump/US even if they think it might help open up the Strait.

 Many of us knew his 2nd term would be bad and much more terrible compared to the first and warned against it, but maybe we undersold it. He is so far and out the worst president in their history, nobody comes close. Makes George Bush 2 look like Abraham Lincoln.",80,0,
1s90vmg,/r/WorldNews Discussion Thread: US and Israel launch attack on Iran; Iran retaliates (Thread #12),worldnews,2026-04-04T10:54:25,reddit,Kiaaawey,My dad was calling him a “warrior” earlier today. In unrelated news I’ve been looking for a hammer that has the precise weight and balance ratio to damage my brain without piercing my skull if anyone has any suggestions,39,1,
1s90vmg,/r/WorldNews Discussion Thread: US and Israel launch attack on Iran; Iran retaliates (Thread #12),worldnews,2026-04-04T11:20:29,reddit,Kiaaawey,"Honestly there’s something to that. It just so happens that my dad’s dad, who served during Vietnam (not in, he never left the country) - was vehemently antiwar and detested the path America was heading towards. That being said if my future kid turns out like my dad and it’s a generational thing I’m going to be looking for the skull piercing variant for my own head",67,3,
1s90vmg,/r/WorldNews Discussion Thread: US and Israel launch attack on Iran; Iran retaliates (Thread #12),worldnews,2026-04-04T11:02:23,reddit,Impressive-Poet5694,"You jest perhaps but the kids are now doing this thing called ""bonesmashing"" to make their faces more angular. You can probably find what you're looking for. Something brass, maybe?",30,2,
1s90vmg,/r/WorldNews Discussion Thread: US and Israel launch attack on Iran; Iran retaliates (Thread #12),worldnews,2026-04-04T11:05:21,reddit,Kiaaawey,I should lead the charge for sprintfullspeedintoabrickwallheadfirstmaxxing maybe we can remove some of these people from the voter pool before they have a say,24,3,
1s90vmg,/r/WorldNews Discussion Thread: US and Israel launch attack on Iran; Iran retaliates (Thread #12),worldnews,2026-04-04T10:59:44,reddit,downeverythingvote_i,I'd say he's more like a warrior-poet the way he rhymes his edgy teen rhetoric xD,16,2,
1s90vmg,/r/WorldNews Discussion Thread: US and Israel launch attack on Iran; Iran retaliates (Thread #12),worldnews,2026-04-04T09:19:14,reddit,jphamlore,"Just looking at the current posts, it is already evident that unless United States threats to destroy Iranian civilian infrastructure force an Iranian surrender, highly unlikely, Iran has already been conceded by the rest of the world control over the Strait of Hormuz.  It is now merely a matter of negotiation for what terms Iran will accept.

The significance of a French and / or Japanese ship being allowed to pass is that use of either the French or the Japanese navies has been taken off the table for forcibly re-opening the Strait.  And if one removes the navies of the United States, China, France, and Japan, there simply aren't enough frigates and destroyers left in the entire rest of the world, including the UK, to do any such escort operation.",131,0,
1s90vmg,/r/WorldNews Discussion Thread: US and Israel launch attack on Iran; Iran retaliates (Thread #12),worldnews,2026-04-04T09:44:04,reddit,spatchi14,"Won’t happen but morally the US and Israeli govt should refund the transit fees the rest of the world now has to pay to Iran. 

This war has done incredible reputational damage to both countries.",35,1,
1s90vmg,/r/WorldNews Discussion Thread: US and Israel launch attack on Iran; Iran retaliates (Thread #12),worldnews,2026-04-04T10:09:26,reddit,jphamlore,"What I am waiting for is for Iran to make an argument that the current sanctions regime on Iran is the equivalent of the rest of the world imposing its own blockade on Iran, and that Iran's exerting control of the Strait of Hormuz is a necessary reaction to obtain leverage to remove the sanctions blockade.

Essentially, I am waiting for Iran to argue that the rest of the world should simply ignore the United States demands for sanctions on Iran, in exchange for re-opening the Strait of Hormuz.",89,2,
1s90vmg,/r/WorldNews Discussion Thread: US and Israel launch attack on Iran; Iran retaliates (Thread #12),worldnews,2026-04-04T10:30:32,reddit,FickleBumblebeee,"They've already started making that argument.

I think the President did in his open letter.

Unlikely to happen though- if you don't comply with US sanctions you can't do business with America",32,3,
1s90vmg,/r/WorldNews Discussion Thread: US and Israel launch attack on Iran; Iran retaliates (Thread #12),worldnews,2026-04-04T10:33:13,reddit,Propagation931,"Well for Israel, It was one thing when the fallout of their Palestinian WCs was confined to the region. Ppl far away felt it wasnt their problem. Now that their actions are affecting Global Markets and the wallets of ppl via prices that is a different story among ppl who normally didnt care as it didnt affect thrm and Israel was far away.",63,3,
1s90vmg,/r/WorldNews Discussion Thread: US and Israel launch attack on Iran; Iran retaliates (Thread #12),worldnews,2026-04-04T10:52:53,reddit,Dongsquad420Loki,"But in contrast the Gulf nations are on the ""side"" of ISrael in the current conflict somethign that would have been unthinkable years ago.

So while neighbours farther away have a lower opinion now, locally their diplomatic ties might be improving. It still is highly volitile and depending on how  the war goes",53,4,
1s90vmg,/r/WorldNews Discussion Thread: US and Israel launch attack on Iran; Iran retaliates (Thread #12),worldnews,2026-04-04T09:00:10,reddit,Doomergeneration,"I know it’s hard to gauge what the mood is in Iran, but are we seeing any public unrest against the regime?",22,0,
1s90vmg,/r/WorldNews Discussion Thread: US and Israel launch attack on Iran; Iran retaliates (Thread #12),worldnews,2026-04-04T11:17:09,reddit,DesecratedPeanut,"30k+ dead for protesting and there has basically never been an uprising during a bombing campaign like this its guaranteed suicide together with fact US has no interest in democracy for what the ""people"" may want in Iran they only want capitulated vassal states. Would anyone be willing to die when both the Iranian military and the US and Israeli militaries are all your enemies and are all out to kill you.",72,1,
1s90vmg,/r/WorldNews Discussion Thread: US and Israel launch attack on Iran; Iran retaliates (Thread #12),worldnews,2026-04-04T11:20:54,reddit,JohnDowd51,"Yes and worldnews community is silent on Iran killing 30,000 civilians because it doesn't fit their agenda. I'm ashamed of the world today.",23,2,
1s90vmg,/r/WorldNews Discussion Thread: US and Israel launch attack on Iran; Iran retaliates (Thread #12),worldnews,2026-04-04T11:24:08,reddit,HammerInTheSea,"Everyone was angry at Trump for not intervening. He left it too late, then when he did, he did so without a plan and when public appetite for it had already moved on due to 10 second attention spans.

That being said, Trump is still a fuckwit disrupting the entire world around him either way.",55,3,
1s90vmg,/r/WorldNews Discussion Thread: US and Israel launch attack on Iran; Iran retaliates (Thread #12),worldnews,2026-04-04T10:52:06,reddit,Pariahb,"There was massive public unrest and protests before the war, but the regime squashed it killing thousands of people, up to 36000 according to some sources.

If that uprises couldn't do much ultimately then, I doubt the population can do much now that they are bombed everyday.",47,1,
1s90vmg,/r/WorldNews Discussion Thread: US and Israel launch attack on Iran; Iran retaliates (Thread #12),worldnews,2026-04-04T09:05:49,reddit,Loose_Skill6641,"there is no public internet in Iran since the war began, the only videos you will see out of Iran is what the goverment/ircg wants you to see",28,1,
1s90vmg,/r/WorldNews Discussion Thread: US and Israel launch attack on Iran; Iran retaliates (Thread #12),worldnews,2026-04-04T08:13:31,reddit,Casual-Speedrunner-7,&gt; Iran’s Fars News Agency reports explosions and smoke rising at the Mahshahr Petrochemical Special Economic Zone in southern Khuzestan province.,21,0,
1s90vmg,/r/WorldNews Discussion Thread: US and Israel launch attack on Iran; Iran retaliates (Thread #12),worldnews,2026-04-04T08:31:26,reddit,dscreations,"&gt;Israeli forces struck a major Iranian petrochemical complex in southwest Iran this morning, damaging multiple facilities.

&gt;State media reports that at least 5 petrochemical plants in the Mahshahr area were targeted, and the IDF confirms it bombed Iranian industrial targets.

\-Osinttechnical",41,1,
1s90vmg,/r/WorldNews Discussion Thread: US and Israel launch attack on Iran; Iran retaliates (Thread #12),worldnews,2026-04-04T08:00:11,reddit,SweetChilliJesus,"An Iranian drone has hit an Oil depot near Basra, but unclear if its privately owned or one of Iraqs state owned ventures


https://www.abc.net.au/news/2026-04-04/iran-middle-east-war-live-updates/106530628?utm_source=abc_news_app&amp;utm_medium=content_shared&amp;utm_campaign=abc_news_app&amp;utm",24,0,
1s90vmg,/r/WorldNews Discussion Thread: US and Israel launch attack on Iran; Iran retaliates (Thread #12),worldnews,2026-04-04T10:32:48,reddit,StephenHunterUK,"There are plenty of things needed for a ballistic missile launch:

* The missile itself
* The fuel for the missile (usually liquid for Iran, but not always)
* The Transporter Erector Launcher - for mobile missiles. These tend to be big eight-wheeled or twelve-wheeled vehicles.
* The fuel for the TEL.
* A vehicle to fuel the missile.
* Missile crews.
* Launching sites.

Some of those might be in shorter supply than others.",75,1,
1s90vmg,/r/WorldNews Discussion Thread: US and Israel launch attack on Iran; Iran retaliates (Thread #12),worldnews,2026-04-04T10:13:52,reddit,StephenHunterUK,"There are plenty of things needed for a ballistic missile launch:

* The missile itself
* The fuel for the missile (usually liquid for Iran, but not always)
* The Transporter Erector Launcher - for mobile missiles. These tend to be big eight-wheeled or twelve-wheeled vehicles.
* The fuel for the TEL.
* A vehicle to fuel the missile.
* Missile crews.
* Launching sites.

Some of those might be in shorter supply than others.",75,1,
1s90vmg,/r/WorldNews Discussion Thread: US and Israel launch attack on Iran; Iran retaliates (Thread #12),worldnews,2026-04-04T08:44:54,reddit,MuryGoatsBaldPatch,"Perun had a graph of the day-by-day launch numbers and it was quite shocking to me how low they actually were compared to the Ukraine war, especially the drone numbers.",30,1,
1s90vmg,/r/WorldNews Discussion Thread: US and Israel launch attack on Iran; Iran retaliates (Thread #12),worldnews,2026-04-04T08:37:36,reddit,theHoundLivessss,"I think it is possible this is the true state of Iranian missile capacity at this time, but I really struggle with how these articles position the issue. Iran has remaining productive capacities and is allied with superpowers who may (if they are not already) provide aid if these capacities are threatened. More accurate reporting would note this list readers feel this represents a greater victory than it actually is.",70,1,
1s90vmg,/r/WorldNews Discussion Thread: US and Israel launch attack on Iran; Iran retaliates (Thread #12),worldnews,2026-04-04T07:51:02,reddit,dumbo9,"&gt;This figure, however, appears to include launchers that have been damaged or rendered inaccessible.

Given other news 'rendered inaccessible' seems to be rather overstating things.  ISW may be guilty of inadvertently parroting what they're being told by official US/Israeli sources.",40,1,
1s90vmg,/r/WorldNews Discussion Thread: US and Israel launch attack on Iran; Iran retaliates (Thread #12),worldnews,2026-04-04T08:00:59,reddit,EducationalCicada,"ISW are experts in wishcasting.

Following their updates in the initial year year of the Ukraine war, I fully believed Russia was about to completely collapse any day now.",29,2,
1s90vmg,/r/WorldNews Discussion Thread: US and Israel launch attack on Iran; Iran retaliates (Thread #12),worldnews,2026-04-04T08:19:30,reddit,iuuznxr,"A retreat from Kyiv, Sumy, Kharkiv regions and loss of the right bank of the Dnieper river - 2022 worked so well for the Russians.",25,3,
1s90vmg,/r/WorldNews Discussion Thread: US and Israel launch attack on Iran; Iran retaliates (Thread #12),worldnews,2026-04-04T08:42:16,reddit,EducationalCicada,"Maybe. But reading ISW back then, I would never have imagined that not only would the war be still ongoing in 2026, but there would be 700K Russian personnel fighting in Ukraine.

If you'd told my ISW-reading self that back then, I would've been like ""Russia still has an army?""",50,4,
1s90vmg,/r/WorldNews Discussion Thread: US and Israel launch attack on Iran; Iran retaliates (Thread #12),worldnews,2026-04-04T08:16:34,reddit,xevaviona,The number of times I’ve read Russia’s “war economy has completely lost steam” followed by “Russia launches largest barrage yet”,20,3,
1s90vmg,/r/WorldNews Discussion Thread: US and Israel launch attack on Iran; Iran retaliates (Thread #12),worldnews,2026-04-04T07:22:25,reddit,MrXiluescu,"Center for Human Rights in Iran

&gt;At least 1,500 individuals are known to have been arrested, according to Iranian government figures, but the actual number may be far higher, as there may be many unreported arrests and more occur each day.

&gt;Security forces have carried out coordinated arrests across multiple cities, often involving violent raids and enforced disappearances, targeting ordinary citizens, activists, students, religious minorities, and the families of protesters and activists abroad.

&gt;These arrests are not about security—they are about silencing dissent, punishing critics, and instilling fear across society.”",90,0,
1s90vmg,/r/WorldNews Discussion Thread: US and Israel launch attack on Iran; Iran retaliates (Thread #12),worldnews,2026-04-04T05:53:22,reddit,iwantboringtimes,"I think USA is premiere example for ""power corrupts.  absolute power corrupts absolutely"".

oh well, history says it is inevitable that the mighty will fall

that said, I read an energy analysis recently that USA is probably gonna be a ""closed petrostate"".",42,0,
1s90vmg,/r/WorldNews Discussion Thread: US and Israel launch attack on Iran; Iran retaliates (Thread #12),worldnews,2026-04-04T05:52:15,reddit,OkAnything7135,Whatever happened to the US military’s investigation into the missile strike on a school in Iran?,16,0,
1s90vmg,/r/WorldNews Discussion Thread: US and Israel launch attack on Iran; Iran retaliates (Thread #12),worldnews,2026-04-04T10:48:32,reddit,DillBagner,They really set themselves up for that nickname with the name change and the war crimes.,16,2,
1s90vmg,/r/WorldNews Discussion Thread: US and Israel launch attack on Iran; Iran retaliates (Thread #12),worldnews,2026-04-04T07:24:48,reddit,iuuznxr,"Just remember that the guys who downed the Iran Air flight all received awards for their tour, so you know there's nothing ever going to come out of this.",29,1,
1s90vmg,/r/WorldNews Discussion Thread: US and Israel launch attack on Iran; Iran retaliates (Thread #12),worldnews,2026-04-04T06:42:03,reddit,monstercoo,This administration’s strategy for a lot of things is to drag out investigations until the public forgets about them.,19,1,
1s90vmg,/r/WorldNews Discussion Thread: US and Israel launch attack on Iran; Iran retaliates (Thread #12),worldnews,2026-04-04T06:39:00,reddit,GCU_ZeroCredibility,"Not being intentional doesn't make it not a war crime if there was negligence involved.  Trump &amp; Hegseth gutted the Pentagon offices that were responsible for minimizing civilian casualties.

If you deliberately stop trying to prevent civilian casualties and then civilian casualties foreseeably result, that makes it still a war crime.",51,2,
1s90vmg,/r/WorldNews Discussion Thread: US and Israel launch attack on Iran; Iran retaliates (Thread #12),worldnews,2026-04-04T07:21:56,reddit,Dongsquad420Loki,"actually you are wrong there,  non intentional matters a lot if it is a or is not a war cime as established in Nurenberg with missed bombing strikes on civilians.",30,3,
1s90vmg,/r/WorldNews Discussion Thread: US and Israel launch attack on Iran; Iran retaliates (Thread #12),worldnews,2026-04-04T06:43:07,reddit,GCU_ZeroCredibility,"Other people might not know that though, I was just providing context in case they do not.",17,4,
1s90vmg,/r/WorldNews Discussion Thread: US and Israel launch attack on Iran; Iran retaliates (Thread #12),worldnews,2026-04-04T06:05:48,reddit,Radiant_Spell7710,"So many countries use Tomahawk missiles. Its hard to say. Could have been Australia, UK, The Neatherlands or Japan too.",20,1,
1s90vmg,/r/WorldNews Discussion Thread: US and Israel launch attack on Iran; Iran retaliates (Thread #12),worldnews,2026-04-04T04:08:59,reddit,wynveen,So what’s the latest update on the search for the WSO? Literally nothing being discussed,15,0,
1s90vmg,/r/WorldNews Discussion Thread: US and Israel launch attack on Iran; Iran retaliates (Thread #12),worldnews,2026-04-04T04:48:25,reddit,silverbulletsam,"Do flight crews have military grade encrypted personal locator beacons for situations like this, does anyone know? I’m figuring maybe not if this person hasn’t been located yet? If not, why not?",32,1,
1s90vmg,/r/WorldNews Discussion Thread: US and Israel launch attack on Iran; Iran retaliates (Thread #12),worldnews,2026-04-04T04:51:47,reddit,DozingUnderTheSun,"they usually have some sort of radio with an encrypted channel for communicating with their home base, and I did see some american media outlet report that the Americans had made contact with the WSO. If that was not a lie my best guess is the rescue helicopters are having a hard time making it out to that location on account of the Iranians knowing what area to shoot down helicopters in.",72,2,
1s90vmg,/r/WorldNews Discussion Thread: US and Israel launch attack on Iran; Iran retaliates (Thread #12),worldnews,2026-04-04T05:07:05,reddit,AK_Panda,Would kinda expect them to go in at night if they knew the location but it was difficult to get to. It's no longer night in Iran though.,28,3,
1s90vmg,/r/WorldNews Discussion Thread: US and Israel launch attack on Iran; Iran retaliates (Thread #12),worldnews,2026-04-04T04:23:20,reddit,itsFelbourne,"It’s not a good sign in either direction that American SAR hasn’t been able to find them yet despite so much time, and Iran couldn’t capture them with home turf advantage and eyes directly on the ejection",37,1,
1s90vmg,/r/WorldNews Discussion Thread: US and Israel launch attack on Iran; Iran retaliates (Thread #12),worldnews,2026-04-04T05:49:47,reddit,tundra445,I'm pretty sure the U.S military would not announce if they knew where he was or that he was alive for very obvious OPSEC reasons. We will know nothing until he is actually rescued or captured (or determined that he didn't survive the crash).,44,2,
1s90vmg,/r/WorldNews Discussion Thread: US and Israel launch attack on Iran; Iran retaliates (Thread #12),worldnews,2026-04-04T05:13:40,reddit,reshp2,"&gt; Iran couldn’t capture them

It's entirely possible they have captured them and are keeping it under wraps to draw in more rescue aircraft in the hopes of shooting down more.",31,2,
1s90vmg,/r/WorldNews Discussion Thread: US and Israel launch attack on Iran; Iran retaliates (Thread #12),worldnews,2026-04-04T08:50:54,reddit,theHoundLivessss,"People are actually arguing Iran wouldn't be smart enough to do this. This is why the repercussions of this war are going to hit like a sucker punch for millions of Americans. They can not conceive that Iranians are playing to every strength their side has in asymetrical warfare. I personally think the pilot is likely either dead or hiding, but there are so many things that could be happening. This is a great point.",75,3,
1s90vmg,/r/WorldNews Discussion Thread: US and Israel launch attack on Iran; Iran retaliates (Thread #12),worldnews,2026-04-04T07:06:04,reddit,charmbrood,If they captured him. They would plaster his face all over the internet. It would be a massive pr win for them,22,3,
1s90vmg,/r/WorldNews Discussion Thread: US and Israel launch attack on Iran; Iran retaliates (Thread #12),worldnews,2026-04-04T07:35:25,reddit,Sure_Plankton_2766,"There would be no need to use that PR the moment they had it.  If they are trying to down some low flying SAR helicopters, they could wait a few days.",31,4,
1s90vmg,/r/WorldNews Discussion Thread: US and Israel launch attack on Iran; Iran retaliates (Thread #12),worldnews,2026-04-04T05:38:51,reddit,justiceformahsa,"Unlikely, they'd get that guy on TV so fast.

It's most like they're:
- Out surviving on their own, they have training - possible that he's in a spot where he can't easily be reached by the rescuers
- Being sheltered by locals 
- Deceased, hopefully not but ejection is a rough process it's not an easy ride like skydiving",60,3,
1s90vmg,/r/WorldNews Discussion Thread: US and Israel launch attack on Iran; Iran retaliates (Thread #12),worldnews,2026-04-04T05:37:03,reddit,HotSauceOnBurrito,Also entirely possible he’s been rescued and the USA is looking for targets with that mindset.,16,3,
1s7g8de,Popular Topics Mega-Hub,unpopularopinion,2026-03-30T04:04:38,reddit,Bunnyrpger,"[Parenting/Family Issues Mega Thread](https://www.reddit.com/r/unpopularopinion/comments/1s7g8d6/parentingfamily_issues_mega_thread/)  
[Politics Mega Thread](https://www.reddit.com/r/unpopularopinion/comments/1s7g8d0/politics_mega_thread/)  
[Religion Mega Thread](https://www.reddit.com/r/unpopularopinion/comments/1s7g8cn/religion_mega_thread/)  
[Race related issues Mega Thread](https://www.reddit.com/r/unpopularopinion/comments/1s7g8ce/race_related_issues_mega_thread/)  
[LGBTQA+ Mega Thread](https://www.reddit.com/r/unpopularopinion/comments/1s7g8c6/lgbtq_mega_thread/)  
[Meta Mega Thread](https://www.reddit.com/r/unpopularopinion/comments/1s7g8c4/meta_mega_thread/)",21,0,
1sc38z7,Not liking to dance doesn’t make somebody boring.,unpopularopinion,2026-04-04T07:52:22,reddit,AutoModerator,"Please remember what subreddit you are in, this is unpopular opinion. We want civil and unpopular takes and discussion. Any uncivil and ToS violating comments will be removed and subject to a ban. Have a nice day! Additionally, all posts held by automod for review now (incorrectly) display a red “removed by moderators” label. Please note that unless your post receives a reply from mods indicating removal and it's specifying the reason, it is likely still in the queue and awaiting approval. 


*I am a bot, and this action was performed automatically. Please [contact the moderators of this subreddit](/message/compose/?to=/r/unpopularopinion) if you have any questions or concerns.*",106,0,
1sc38z7,Not liking to dance doesn’t make somebody boring.,unpopularopinion,2026-04-04T08:00:43,reddit,HeroBrine0907,I'll agree here since I really dislike dancing and it's all people ever wanna do at any social thing.,19,0,
1sc38z7,Not liking to dance doesn’t make somebody boring.,unpopularopinion,2026-04-04T09:29:35,reddit,Teacher_Crazy_,I've lived in 4 countries and have always been able to find people who prefer board games to dancing.,19,1,
1sc38z7,Not liking to dance doesn’t make somebody boring.,unpopularopinion,2026-04-04T08:22:24,reddit,Effective_Cancel_876,"It's in the same category as partying and drinking for me. The amount of times I've been told I had to do those things by extroverted people because it was ""fun"" and it would ""get me out of my shell""..",40,0,
1sc38z7,Not liking to dance doesn’t make somebody boring.,unpopularopinion,2026-04-04T09:16:31,reddit,L3PALADIN,"i don't know you but i know for a fact that you'd come ""out of your shell"" way more when not forced into activities you don't like or pressured to take drugs to compensate.

tell me i'm fucking wrong

\[edited wording for clarity\]",43,1,
1sc38z7,Not liking to dance doesn’t make somebody boring.,unpopularopinion,2026-04-04T09:50:59,reddit,WhatAMcButters,I used to go out with work friends and I wouldn't drink since I had to drive home. They stopped inviting me out because they felt like I was judging them because they were more than happy to chug several drinks and drive home. I was just trying to bond with people and didn't think I needed alcohol to do it.,61,2,
1sc38z7,Not liking to dance doesn’t make somebody boring.,unpopularopinion,2026-04-04T10:03:51,reddit,Effective_Cancel_876,"You're absolutely correct, if only the people who I once considered friends were willing to see it from this perspective!",20,2,
1sc38z7,Not liking to dance doesn’t make somebody boring.,unpopularopinion,2026-04-04T08:07:38,reddit,Intelligent_Pop1173,"Yeah, I hate dancing. But I have gotten told I’m weird because “IT’S TRIBAL AND NATURAL. HUMANS DANCE.”  Sorry, I guess my brain missed that memo. I do think it can be impressive to watch, but I don’t enjoy doing it myself at all and generally also don’t really care to watch it lol",54,0,
1sc38z7,Not liking to dance doesn’t make somebody boring.,unpopularopinion,2026-04-04T10:06:55,reddit,Aegis_Of_Nox,I dont like dancing in any real way but when im grooving to really good music I do find myself compelled to move around with it. I wonder when something actually becomes a dance? Like is headbanging to metal a dance? Can I just wiggle around and consider that dancing?,50,1,
1sc38z7,Not liking to dance doesn’t make somebody boring.,unpopularopinion,2026-04-04T10:09:15,reddit,KingGeedo91,"Yes - this is why noone actually dislikes dancing itself. They dislike the anxiety etc that they feel when they do it. 

Humans enjoy moving their body to a rhythm - e.g head banging, wiggling",35,2,
1sc38z7,Not liking to dance doesn’t make somebody boring.,unpopularopinion,2026-04-04T10:10:38,reddit,Aegis_Of_Nox,Well im that case i love dancing. I dont know how to dance like people dance at clubs but I do like my wiggling and little bobs and pops and such,31,3,
1sc38z7,Not liking to dance doesn’t make somebody boring.,unpopularopinion,2026-04-04T08:34:56,reddit,Numerous-Surprise875,"We can dance if we want to
We can leave your friends behind
'Cause your friends don't dance
And if they don't dance
Well, they're no friends of mine

-Men without hats.",32,1,
1sc38z7,Not liking to dance doesn’t make somebody boring.,unpopularopinion,2026-04-04T09:05:13,reddit,KhbIa,"""Holy shit guys they can’t dance surely this guy has no personality and is really boring""",16,2,
1sc38z7,Not liking to dance doesn’t make somebody boring.,unpopularopinion,2026-04-04T08:48:18,reddit,happygoth6370,"I love this! My story is similar, used to be embarrassed to dance in public, thinking others were judging me. I never really thought others looked stupid though, I thought they looked Iike they were having fun, but I was just too self-conscious to join them.

Eventually I decided that life was too short to be so worried about what other people thought. I wanted to dance - if others thought I looked stupid, well, that was their problem. Since then weddings have been way more fun, including my own - you couldn't pry me off the dance floor!",99,1,
1sc38z7,Not liking to dance doesn’t make somebody boring.,unpopularopinion,2026-04-04T08:20:20,reddit,CitizenModel,"The REAL unpopular opinion would be that every person who doesn't dance is boring. What a strange, fringe opinion OP's friends and relations have.

Honestly it just makes me question what age bracket/setting OP is talking about.",37,1,
1sc38z7,Not liking to dance doesn’t make somebody boring.,unpopularopinion,2026-04-04T08:35:08,reddit,arrogancygames,"Or culture. I used to be a club DJ when dancing was something 20-somethings did and that stopped in the 2010s to the point that most dance clubs conpletely died and nobody dances anymore (in the US). Where is this person at? 

Edit: especially since this was posted at 4am EST. When I went to say, Uganda, I was surprised at how much dancing was still integrated in their party culture as compared to the US, where it died with Gen X.",82,2,
1sc38z7,Not liking to dance doesn’t make somebody boring.,unpopularopinion,2026-04-04T10:08:58,reddit,Aegis_Of_Nox,I remember dancing being popular when I was in college around 2010-2012 but you are right most of those clubs are gone now. But back then they were full of 20-something millenials,32,3,
1sc38z7,Not liking to dance doesn’t make somebody boring.,unpopularopinion,2026-04-04T08:25:02,reddit,bliip666,"I hate dancing. Luckily, I have an old knee injury that can strategically ""be acting out"" if someone insists we should go dancing.",23,0,
1sc38z7,Not liking to dance doesn’t make somebody boring.,unpopularopinion,2026-04-04T08:10:05,reddit,ChallengingKumquat,"Agree. Particularly when the alternative to dancing is talking to people. I'd prefer to talk not dance, so how can that be boring or antisocial?

But, people who just scroll on their phone rather than dancing OR talking shouldn't have bothered to come along to the event.",47,0,
1sc38z7,Not liking to dance doesn’t make somebody boring.,unpopularopinion,2026-04-04T10:04:10,reddit,Volley-Boat,"People who don't like to dance have a lack of rhythm, a lack of confidence in their dancing, or both.

Absolutely valid to not like dancing if any apply.",29,0,
1sc38z7,Not liking to dance doesn’t make somebody boring.,unpopularopinion,2026-04-04T10:37:16,reddit,AQuixoticQuandary,I perform professionally in musical theater. I know my dancing is above average. I still don’t enjoy it in a casual setting because it’s just not fun to me.,29,1,
1sc38z7,Not liking to dance doesn’t make somebody boring.,unpopularopinion,2026-04-04T10:45:36,reddit,Volley-Boat,"Fair enough. Two different types of dancing I guess - at work you are told what to do, and casually you are freestyling.",23,2,
1sc38z7,Not liking to dance doesn’t make somebody boring.,unpopularopinion,2026-04-04T11:17:31,reddit,Melinoe2016,So like if music comes on you just stand completely still? I need people to understand that moving to the beat/rhythm in anyway is dancing.,25,2,
1sc38z7,Not liking to dance doesn’t make somebody boring.,unpopularopinion,2026-04-04T10:40:00,reddit,AgentJ691,"Funny, I’ve seen the other day saying people who like to dance are boring. It was from a bunch of gamers.",21,0,
1sc38z7,Not liking to dance doesn’t make somebody boring.,unpopularopinion,2026-04-04T09:07:25,reddit,AerieWorth4747,"While I don’t hate dancing, I definitely don’t care about it and maybe don’t like it. I can’t imagine how annoying weddings and parties would be if you hated it. 

I just feel goofy and after about 2 minutes I’m like “ok, I get it. This is what this is? No thanks.”

But I love music and would rather watch the band and bop along, or sit in my chair and pay close attention to a recording.",77,0,
1sc38z7,Not liking to dance doesn’t make somebody boring.,unpopularopinion,2026-04-04T09:12:08,reddit,InsideOutCosmonaut,Equally unpopular opinion: not liking chocolate ice cream does not make someone a picky eater,15,0,
1sc38z7,Not liking to dance doesn’t make somebody boring.,unpopularopinion,2026-04-04T11:19:08,reddit,Melinoe2016,Why are chocolate frostys so good (at least the old ones) but chocolate ice cream so bleh?,17,1,
1sc38z7,Not liking to dance doesn’t make somebody boring.,unpopularopinion,2026-04-04T09:19:03,reddit,Fit-Fisherman5068,I hate when people try to drag me to the dance floor when I clearly don’t want to go.,19,0,
1sc38z7,Not liking to dance doesn’t make somebody boring.,unpopularopinion,2026-04-04T09:33:49,reddit,coldsilencehas,"Most are asking what OP is talking about but it would a very unpopular opinion in South America where I'm from. Over there if you don't know how to dance salsa/regueton//etc you're labeled as a loser, bad in bed and boring. For someone who doesn't like to dance there always will be peer pressure to dance.",56,0,
1sc38z7,Not liking to dance doesn’t make somebody boring.,unpopularopinion,2026-04-04T09:58:07,reddit,dreamed2life,im so glad i know how to say no and not give a single fuck what that means to other people. i dont need to perform for strangers or anyone to be content. but that might be my age too.,40,1,
1sc38z7,Not liking to dance doesn’t make somebody boring.,unpopularopinion,2026-04-04T10:30:07,reddit,Eggcelend,"Its because dancing is more fun, the more people do it. Not ""letting loose"" makes the vibes less vibey. A bit like, if you went to an orgy but didnt do oral.",32,0,
1sc38z7,Not liking to dance doesn’t make somebody boring.,unpopularopinion,2026-04-04T11:20:05,reddit,Melinoe2016,Yes. Any movement to music is dancing imo. I prefer the high knees though 😂 subtronics gets me going,19,1,
1sc38z7,Not liking to dance doesn’t make somebody boring.,unpopularopinion,2026-04-04T11:01:44,reddit,4twentyHobby,"I love to dance. Some day I may try it in public, but I doubt it.",16,0,
1sc38z7,Not liking to dance doesn’t make somebody boring.,unpopularopinion,2026-04-04T11:16:24,reddit,Zenfudo,I just start furiously masturbating my back to a corner facing the dancers. That way they clearly see im too busy to dance so nobody bugs me,27,0,
1sc38z7,Not liking to dance doesn’t make somebody boring.,unpopularopinion,2026-04-04T08:47:18,reddit,No_Poet_7244,Depends. If you go to a dance party and refuse to dance? You’re boring. If you go to a movie theater and refuse to dance? You’re a sensible human being.,30,0,
1sc38z7,Not liking to dance doesn’t make somebody boring.,unpopularopinion,2026-04-04T09:18:37,reddit,L3PALADIN,"I've been a lot of parties, i've never been to, seen, or heard of a ""dance party""

do you just mean normal parties where a lot of people dance or some dedicated party where everyone is there for the one activity and nothing else?",44,1,
1sc38z7,Not liking to dance doesn’t make somebody boring.,unpopularopinion,2026-04-04T09:27:03,reddit,No_Poet_7244,"I’m not sure where you’re from, but where I live there are a lot of parties where dancing is the primary activity. They’re called [dance](https://en.wikipedia.org/wiki/Dance_party) parties generically, but there are different types (line dancing, square dancing, raves, ball/masquerade, etc.)",39,2,
1sc38z7,Not liking to dance doesn’t make somebody boring.,unpopularopinion,2026-04-04T09:27:29,reddit,MyrmecolionTeeth,A party where the primary function is to gather people to enjoy dancing.  [Here's the wikipedia article](https://en.wikipedia.org/wiki/Dance_party) so you know I'm not just making that up.,26,2,
1sc38z7,Not liking to dance doesn’t make somebody boring.,unpopularopinion,2026-04-04T07:58:34,reddit,MaxDickpower,Participating in social activities seen as fun by others in turn makes you seem more fun. It's not that deep.,20,0,
1sc38z7,Not liking to dance doesn’t make somebody boring.,unpopularopinion,2026-04-04T09:25:48,reddit,LeftWingAssasin,"People who don't like to dance are not boring.

People who think they can dance (but can't) are committing human rights violations on dance floors the world over and should have their feet shackled.",34,0,
1sc38z7,Not liking to dance doesn’t make somebody boring.,unpopularopinion,2026-04-04T10:42:17,reddit,GoblinSnacc,Yeah true you should only be able to participate in something if you're good at it. /s,17,1,
1sc38z7,Not liking to dance doesn’t make somebody boring.,unpopularopinion,2026-04-04T08:55:29,reddit,No-Permission1716,"I love it. It’s been a part of my life forever. But I’m not going to bash someone for not liking to do it.

Now if they trash people who like doing it, then I’m going to have an issue.",40,0,
1sc38z7,Not liking to dance doesn’t make somebody boring.,unpopularopinion,2026-04-04T09:43:33,reddit,Junior-Pineapple-585,"You need to toughen up, it's clearly got to you that you got called boring, get thicker skin.",18,0,
1sc38z7,Not liking to dance doesn’t make somebody boring.,unpopularopinion,2026-04-04T09:28:08,reddit,Brrdock,"I used to not like it either, but the only reason many people don't like dancing is that they can't help being too self-conscious about it.


That's my unpopular opinion.


Even toddlers (and parrots etc.) dance. Musical/rhytmic entrainment is as natural as walking",43,0,
1sc38z7,Not liking to dance doesn’t make somebody boring.,unpopularopinion,2026-04-04T07:57:35,reddit,ExtendedMacaroni,"Depends. If you don’t want to dance in a hot sweaty club with a bunch of strangers that’s fine, but if all your friends and family are dancing at a wedding and you just sit there because you “don’t like dancing”, yeah you’re boring",44,0,
1sc38z7,Not liking to dance doesn’t make somebody boring.,unpopularopinion,2026-04-04T08:23:02,reddit,tehnoodnub,"That’s a braindead take and I’m someone who does like dancing. So you’re telling me that a person could be immensely interesting in so many other ways, have so many insightful views on things and live a novel and fulfilling life but if they don’t like to dance at weddings then they’re boring? Did you even think about this for 5 seconds before commenting?",64,1,
1sc38z7,Not liking to dance doesn’t make somebody boring.,unpopularopinion,2026-04-04T08:06:01,reddit,triz___,That’s bullshit. I really hate dancing and I don’t want to do it. I’m absolutely not boring by any stretch of the imagination.,23,1,
1sc38z7,Not liking to dance doesn’t make somebody boring.,unpopularopinion,2026-04-04T08:17:39,reddit,Accomplished-Sky8768,"I agree, if thats the one measurement of being fun, then those people sound pretty boring to me",18,2,
1sc38z7,Not liking to dance doesn’t make somebody boring.,unpopularopinion,2026-04-04T08:52:30,reddit,triz___,"I’m a ton of fun at parties, I’m usually in a big group having a laugh. People like you are one-dimensional. Unable to hold an enjoyable conversation and obsessed with policing who is or isn’t dancing. Your one metric of what constitutes fun outs you as a boring bastard.",49,3,
1sc38z7,Not liking to dance doesn’t make somebody boring.,unpopularopinion,2026-04-04T08:11:39,reddit,mangakakato898,This is so true. Some people are not built for parties. That's why they are considered boring.,17,3,
1sc38z7,Not liking to dance doesn’t make somebody boring.,unpopularopinion,2026-04-04T08:36:27,reddit,arrogancygames,Inused to wedding DJ and kiterally nobody cares who does and doesnt dance unless its their girlfriend or something. This has to be outside the US or some niche culture or something.,32,1,
1sc38z7,Not liking to dance doesn’t make somebody boring.,unpopularopinion,2026-04-04T08:03:45,reddit,LughCrow,"I mean the vast majority of people who dance do not do it as a hobby. It's a base and instinctual human reaction and backed into our social structures.

Unless your talking about things like tango or ballroom. 

Honestly I'm hoping this is just a case of you having a narrow view of what dancing is",56,0,
1sc38z7,Not liking to dance doesn’t make somebody boring.,unpopularopinion,2026-04-04T08:33:49,reddit,XxDJXSonaxX,"In my opinion it’s because it’s something anyone can do, even if it’s just a little movement. It doesn’t have to be serious or skilled, just being able to move and have fun with it.

I don’t care about professional dancing. For me it’s just about enjoying music with people, whether that’s karaoke, a house party, a club, or even just games like Just Dance or Rock Band.

It’s an easy way to connect and share energy with others without needing anything complicated.

For me it’s less about dancing itself and more about how music and movement pull me out of a funk. Some songs just make me want to move, and that’s enough.

If someone doesn’t enjoy it, that’s completely fine. I just think it’s one of those simple ways people can have fun if they want to",139,0,
1sc38z7,Not liking to dance doesn’t make somebody boring.,unpopularopinion,2026-04-04T08:51:39,reddit,bliip666,"&gt;Just have unrestricted fun just moving. 

Okay, but the problem is not everyone finds it fun. That's kind of the crux of the issue here.",25,1,
1sc38z7,Not liking to dance doesn’t make somebody boring.,unpopularopinion,2026-04-04T11:21:50,reddit,Melinoe2016,So if music comes on that you like you just sit completely still and don’t move an inch? Any swaying to the beat is dancing. You don’t have to go out and do a full choreographed routine for it to be dancing. I really think yall are just misunderstanding what dancing is. It doesn’t have to be on a dance floor or at a club. If you’re moving at all to music you’re dancing.,74,2,
1sc38z7,Not liking to dance doesn’t make somebody boring.,unpopularopinion,2026-04-04T11:26:37,reddit,bliip666,"If there's music on, I move like I would if there wasn't music. As much/as little. Not to the music, just normally.",22,3,
1sc38z7,Not liking to dance doesn’t make somebody boring.,unpopularopinion,2026-04-04T09:07:58,reddit,XxDJXSonaxX,"That’s fair, not everyone finds it fun.
I think I just see dancing as one of those long-standing ways people connect and express themselves, even if it’s not for everyone.",30,2,
1sc38z7,Not liking to dance doesn’t make somebody boring.,unpopularopinion,2026-04-04T10:09:19,reddit,Jung-And-A-Menace,There's a world of difference between dancing and just... flailing your limbs around while music plays. Most people do the latter.,21,1,
1sc38z7,Not liking to dance doesn’t make somebody boring.,unpopularopinion,2026-04-04T10:54:17,reddit,XxDJXSonaxX,"That’s fair. Not everyone finds it fun, and nobody should feel forced to do it.
I think where I’m coming from is that dancing doesn’t have to mean performing or being good at it. For some people it’s just small movement or messing around with friends.

I’m not judging how anyone dances or whether they dance at all. If you want to flail, flail. If you don’t want to dance, don’t.

I just wish there was less pressure around it so people who do feel like moving don’t feel judged for it either. At the end of the day, it’s just about people being able to have fun however they want",111,2,
1sc38z7,Not liking to dance doesn’t make somebody boring.,unpopularopinion,2026-04-04T09:39:37,reddit,erickson666,"I'm not embarrassing myself by dancing, nothing anyone says can make me get up to dance",16,1,
1sc38z7,Not liking to dance doesn’t make somebody boring.,unpopularopinion,2026-04-04T09:43:31,reddit,XxDJXSonaxX,"You don’t have to.
I think a lot of people feel pressure to be good at it, and that takes the fun out of it.

For me it’s never been about dancing well, just letting loose in whatever way feels natural, whether that’s singing, swaying, or just vibing to the music",51,2,
1sc38z7,Not liking to dance doesn’t make somebody boring.,unpopularopinion,2026-04-04T09:20:19,reddit,Mattock1987,"Agreed, never liked dancing and was often told “come on, don’t be miserable” when I declined. I like to bake, but I don’t say “oh give it a go, pick up a mixing bowl, don’t be a killjoy”",38,0,
1sc38z7,Not liking to dance doesn’t make somebody boring.,unpopularopinion,2026-04-04T10:17:40,reddit,Klolok,I don't hate dancing but I understnd why people do. I'm also not very good at it though I have some training.,22,0,
1sc38z7,Not liking to dance doesn’t make somebody boring.,unpopularopinion,2026-04-04T11:14:58,reddit,Melinoe2016,"Like you don’t like to move at all if a song you like comes on and you’re alone? I can understand not liking to do like organized dance or go out onto a dance floor but you’re saying you don’t enjoy moving your body to music at all? 

Honestly imo something is wrong with you if you don’t enjoy any type of rhythm or moving to any music. Maybe you just don’t like traditional music? Have you tried unconventional music like dubstep or riddim? Shit makes me jump around in my room all alone. 

Idk if you’re saying you just don’t like it in public or if you literally never sway or move to any music that is on. Moving at all to music is “dancing”. There’s no strict definition.",130,0,
1sc38z7,Not liking to dance doesn’t make somebody boring.,unpopularopinion,2026-04-04T11:23:58,reddit,Melinoe2016,I know this is Reddit and there’s a lot of introverted /weird people here but I think yall are just overthinking this one. Do you sway to a beat when you’re alone? You’re dancing. I find it hard to believe anyone just sits completely still 100% of the time they’re listening to music. If so you need to listen to better music.,62,1,
